,verbs,tense,type_of_narr,postid
0,fall,VB,Being,1
1,voted,VBD,Being,1
2,tell,VB,Being,1
3,voting,VBG,Being,1
4,telling,VBG,Being,1
5,found,VBD,Being,1
6,stepping,VBG,Being,1
7,stepping,VBG,Being,1
8,knew,VBD,Being,1
9,going,VBG,Being,1
10,vote,VB,Being,1
11,leading,VBG,Being,1
12,deleted,VBD,Being,1
13,sent,VBD,Being,1
14,left,VBD,Being,1
15,calling,VBG,Being,1
16,dropped,VBD,Being,1
17,disappeared,VBD,Being,1
18,solidified,VBD,Being,1
19,validated,VBN,Being,1
20,respond,VB,Being,1
21,Took,VBD,Being,1
22,eating,VBG,Being,1
23,shared,VBD,Being,1
24,voting,VBG,Being,1
25,makes,VBZ,Being,2
26,solidify,VBP,Being,2
27,guarantee,VB,Being,2
28,gain,VBP,Being,2
29,advancing,VBG,Being,2
30,preserve,VB,Being,2
31,restore,VB,Being,2
32,will,MD,Being,2
33,doxxed,VBN,Being,2
34,threatened,VBD,Being,2
35,harassed,VBN,Being,2
36,shut,VBN,Being,2
37,lost,VBD,Being,2
38,assaulted,VBN,Being,2
39,attacked,VBN,Being,2
40,stalked,VBN,Being,2
41,targeted,VBN,Being,2
42,demonized,VBN,Being,2
43,received,VBN,Being,2
44,criticized,VBN,Being,2
45,insulted,VBN,Being,2
46,threatened,VBN,Being,2
47,forced,VBN,Being,2
48,leave,VB,Being,2
49,live,VBP,Becoming,3
50,supported,VBD,Becoming,3
51,thought,VBD,Becoming,3
52,support,VB,Becoming,3
53,told,VBN,Becoming,3
54,take,VB,Becoming,3
55,feared,VBD,Becoming,3
56,found,VBD,Becoming,3
57,graduate,VB,Becoming,3
58,watched,VBD,Becoming,3
59,Remember,VB,Becoming,3
60,felt,VBD,Becoming,3
61,said,VBD,Becoming,3
62,felt,VBD,Becoming,3
63,started,VBD,Becoming,3
64,looking,VBG,Becoming,3
65,found,VBD,Becoming,3
66,hate,VB,Becoming,3
67,found,VBD,Becoming,3
68,support,VBP,Becoming,3
69,voted,VBD,Becoming,3
70,could,MD,Becoming,3
71,see,VB,Becoming,3
72,told,VBD,Becoming,3
73,vote,VB,Becoming,3
74,’m,VBP,Becoming,3
75,attacked,VBN,Becoming,3
76,left,VBD,Becoming,3
77,read,VB,Becoming,4
78,registered,VBD,Becoming,4
79,know,VB,Becoming,4
80,came,VBD,Becoming,4
81,realize,VB,Becoming,4
82,leaned,VBD,Becoming,4
83,remember,VBP,Becoming,4
84,watching,VBG,Becoming,4
85,speak,VB,Becoming,4
86,understanding,VBG,Becoming,4
87,mesmerized,VBN,Becoming,4
88,vote,VB,Becoming,4
89,support,VB,Becoming,4
90,became,VBD,Becoming,4
91,prayed,VBD,Becoming,4
92,spoke,VBD,Becoming,4
93,divide,VB,Becoming,4
94,’s,VBZ,Becoming,4
95,agreed,VBD,Becoming,4
96,voted,VBD,Becoming,4
97,voting,VBG,Becoming,4
98,believe,VBP,Becoming,4
99,want,VB,Becoming,4
100,make,VB,Becoming,4
101,say,VB,Becoming,4
102,’s,VBZ,Becoming,4
103,following,VBG,Becoming,4
104,promised,VBD,Becoming,4
105,bashing,VBG,Becoming,4
106,sickens,VBZ,Becoming,4
107,state,VBP,Becoming,4
108,voted,VBD,Becoming,4
109,allowed,VBN,Becoming,4
110,understand,VB,Becoming,4
111,read,VB,Becoming,4
112,align,VBP,Becoming,4
113,feel,VBP,Becoming,4
114,Must,MD,Becoming,4
115,add,VB,Becoming,4
116,loves,VBZ,Becoming,4
117,wants,VBZ,Becoming,4
118,make,VB,Becoming,4
119,voted,VBD,Becoming,5
120,felt,VBD,Becoming,5
121,had,VBN,Becoming,5
122,implement,VB,Becoming,5
123,wanted,VBD,Becoming,5
124,started,VBD,Becoming,5
125,question,VB,Becoming,5
126,admit,VB,Becoming,5
127,supporting,VBG,Becoming,5
128,turned,VBD,Becoming,5
129,could,MD,Becoming,5
130,see,VB,Becoming,5
131,bought,VBN,Becoming,5
132,paid,VBN,Becoming,5
133,started,VBD,Becoming,5
134,detest,VB,Becoming,5
135,bashed,VBD,Becoming,5
136,abused,VBN,Becoming,5
137,rallied,VBD,Becoming,5
138,became,VBD,Becoming,5
139,ran,VBD,Becoming,5
140,felt,VBD,Becoming,5
141,cringe,VB,Becoming,5
142,knew,VBD,Becoming,5
143,could,MD,Becoming,5
144,support,VB,Becoming,5
145,like,VB,Becoming,5
146,exposed,VBN,Becoming,5
147,collected,VBN,Becoming,5
148,appalled,VBN,Becoming,5
149,brought,VBN,Becoming,5
150,held,VBN,Becoming,5
151,voted,VBD,Becoming,5
152,became,VBD,Becoming,5
153,promoted,VBN,Becoming,5
154,realized,VBD,Becoming,5
155,made,VBD,Becoming,5
156,walking,VBG,Becoming,5
157,going,VBG,Becoming,5
158,left,VBN,Becoming,5
159,knew,VBD,Becoming,5
160,love,VBP,Becoming,5
161,listen,VB,Becoming,5
162,see,VB,Becoming,5
163,watch,VBP,Becoming,5
164,think,VBP,Becoming,5
165,would,MD,Becoming,5
166,exposed,VBN,Becoming,5
167,won,VBN,Becoming,5
168,runs,VBZ,Becoming,5
169,loves,VBZ,Becoming,5
170,helping,VBG,Becoming,5
171,expose,VB,Becoming,5
172,drain,VB,Becoming,5
173,pray,VBP,Becoming,5
174,boggling,VBG,Becoming,5
175,promote,VBP,Becoming,5
176,defend,VB,Becoming,5
177,know,VBP,Becoming,5
178,can,MD,Becoming,5
179,support,VB,Becoming,5
180,Thank,VBP,Becoming,5
181,allowing,VBG,Becoming,5
182,join,VB,Becoming,5
183,can,MD,Becoming,5
184,say,VB,Becoming,5
185,feel,VBP,Becoming,5
186,love,VBP,Becoming,5
187,decided,VBD,NA,6
188,Hate,VBP,NA,6
189,became,VBD,NA,6
190,turned,VBD,NA,6
191,brought,VBD,NA,6
192,murdered,VBN,NA,6
193,celebrated,VBN,NA,6
194,murdered,VBD,NA,6
195,became,VBD,NA,6
196,having,VBG,NA,6
197,can,MD,NA,6
198,demonize,VB,NA,6
199,celebrating,VBG,NA,6
200,becoming,VBG,NA,6
201,told,VBD,NA,6
202,’m,VBP,NA,6
203,walked,VBD,NA,6
204,delves,VBZ,NA,6
205,identify,VB,NA,6
206,’s,VBZ,NA,6
207,’ll,MD,NA,6
208,walking,VBG,NA,6
209,raised,VBN,Being,7
210,working,VBG,Being,7
211,raised,VBN,Being,7
212,leaned,VBD,Being,7
213,watching,VBG,Being,7
214,screw,VB,Being,7
215,voted,VBD,Being,7
216,followed,VBD,Being,7
217,bust,VB,Being,7
218,liked,VBD,Being,7
219,took,VBD,Being,7
220,convinced,VBN,Being,7
221,selling,VBG,Being,7
222,exporting,VBG,Being,7
223,slave,VB,Being,7
224,became,VBD,Being,7
225,abandoned,VBN,Being,7
226,started,VBD,Being,7
227,leaning,VBG,Being,7
228,comes,VBZ,Being,7
229,mislead,VB,Being,7
230,carried,VBN,Being,7
231,drove,VBD,Being,7
232,leaving,VBG,Being,7
233,making,VBG,Being,7
234,forced,VBD,Being,7
235,forced,VBD,Being,7
236,give,VB,Being,7
237,giving,VBG,Being,7
238,strike,VB,Being,7
239,continued,VBD,Being,7
240,voted,VBD,Being,7
241,realize,VBP,Being,7
242,could,MD,Being,7
243,say,VB,Being,7
244,became,VBD,Becoming,8
245,walked,VBD,Becoming,8
246,know,VB,Becoming,8
247,care,VB,Becoming,8
248,growing,VBG,Becoming,8
249,grew,VBD,Becoming,8
250,voted,VBD,Becoming,8
251,remember,VBP,Becoming,8
252,voting,VBG,Becoming,8
253,hating,VBG,Becoming,8
254,brainwashed,VBN,Becoming,8
255,thought,VBD,Becoming,8
256,got,VBD,Becoming,8
257,married,VBN,Becoming,8
258,dawned,VBD,Becoming,8
259,should,MD,Becoming,8
260,look,VB,Becoming,8
261,see,VB,Becoming,8
262,seem,VBP,Becoming,8
263,married,VBD,Becoming,8
264,voted,VBD,Becoming,8
265,won,VBD,Becoming,8
266,thought,VBD,Becoming,8
267,will,MD,Becoming,8
268,give,VB,Becoming,8
269,standing,VBG,Becoming,8
270,signs,VBZ,Becoming,8
271,won,VBD,Becoming,8
272,devastated,VBN,Becoming,8
273,got,VBD,Becoming,8
274,hit,VBN,Becoming,8
275,felt,VBD,Becoming,8
276,may,MD,Becoming,8
277,#,VBG,Becoming,8
278,worry,VBP,Becoming,8
279,will,MD,Becoming,8
280,left,VBN,Becoming,8
281,loving,VBG,Becoming,8
282,getting,VBG,Becoming,8
283,’s,VBZ,Becoming,8
284,love,VBP,Becoming,8
285,thank,VBP,Becoming,8
286,blessed,VBN,Becoming,8
287,call,VB,Becoming,8
288,need,VBP,Becoming,8
289,heard,VBN,Becoming,8
290,kidding,VBG,Being,9
291,asked,VBD,Being,9
292,join,VB,Being,9
293,accepted,VBN,Being,9
294,posted,VBN,Being,9
295,felt,VBD,Being,9
296,heading,VBG,Being,9
297,want,VB,Being,9
298,join,VB,Being,9
299,received,VBN,Being,9
300,lost,VBN,Being,9
301,posted,VBN,Being,9
302,think,VBP,Being,9
303,would,MD,Being,9
304,dedicated,VBN,Being,9
305,agree,VB,Being,9
306,rebuild,VBP,Being,9
307,read,VBN,Being,9
308,watched,VBD,Being,9
309,see,VB,Being,9
310,want,VBP,Being,9
311,growing,VBG,Being,9
312,can,MD,Being,9
313,Fearing,VBG,Being,9
314,owning,VBG,Being,9
315,stand,VBP,Being,9
316,place,VB,Being,9
317,played,VBN,Being,9
318,m,VBP,Being,9
319,looking,VBG,Being,9
320,need,VBP,Being,9
321,find,VB,Being,9
322,converse,VB,Being,9
323,bounce,VB,Being,9
324,think,VBP,Being,9
325,going,VBG,Being,9
326,can,MD,Being,9
327,come,VB,Being,9
328,hardened,VBN,Being,9
329,setting,VBG,Being,9
330,running,VBG,Being,9
331,named,VBN,Being,9
332,coming,VBG,Being,9
333,would,MD,Being,9
334,understated,VBN,Being,9
335,win,VB,Being,9
336,voted,VBD,Being,9
337,brought,VBD,Being,9
338,gave,VBD,Being,9
339,Ask,VB,Being,9
340,can,MD,Being,9
341,ask,VB,Being,9
342,can,MD,Being,9
343,working,VBG,Being,9
344,onboard,VBN,Being,9
345,ask,VBP,Being,9
346,would,MD,Being,9
347,became,VBD,Being,9
348,tried,VBD,Being,9
349,stand,VB,Being,9
350,spoke,VBD,Being,9
351,saw,VBD,Being,9
352,hold,VBP,Being,9
353,realize,VBP,Being,9
354,hold,VB,Being,9
355,got,VBD,Being,9
356,came,VBD,Being,9
357,running,VBG,Being,9
358,temped,VBN,Being,9
359,vote,VB,Being,9
360,triggered,VBD,Being,9
361,said,VBD,Being,9
362,scared,VBD,Being,9
363,vote,VB,Being,9
364,saw,VBD,Being,9
365,devastate,VB,Being,9
366,give,VB,Being,9
367,say,VB,Being,9
368,would,MD,Being,9
369,going,VBG,Being,9
370,shoot,VB,Being,9
371,set,VB,Being,9
372,running,VBG,Being,9
373,killed,VBD,Being,9
374,turned,VBD,Being,9
375,pleaded,VBD,Being,9
376,going,VBG,Being,9
377,vote,VB,Being,9
378,wondered,VBD,Being,9
379,run,VB,Being,9
380,pointed,VBD,Being,9
381,said,VBD,Being,9
382,Fired,VBN,Being,9
383,thinking,VBG,Being,9
384,watched,VBD,Being,9
385,cringed,VBD,Being,9
386,found,VBD,Being,9
387,smiling,VBG,Being,9
388,said,VBD,Being,9
389,thinks,VBZ,Being,9
390,should,MD,Being,9
391,thinking,VBG,Being,9
392,should,MD,Being,9
393,running,VBG,Being,9
394,say,VB,Being,9
395,thought,VBD,Being,9
396,needed,VBN,Being,9
397,bring,VB,Being,9
398,sent,VBN,Being,9
399,collect,VB,Being,9
400,light,VB,Being,9
401,believes,VBZ,Being,9
402,stands,VBZ,Being,9
403,stands,VBZ,Being,9
404,tell,VB,Being,9
405,drives,VBZ,Being,9
406,tells,VBZ,Being,9
407,closed,VBN,Being,9
408,brings,VBZ,Being,9
409,fallen,VBN,Being,9
410,said,VBD,Being,9
411,going,VBG,Being,9
412,debating,VBG,Being,9
413,voted,VBD,Being,9
414,vote,VB,Being,9
415,voted,VBD,Being,9
416,vote,VB,Being,9
417,seeing,VBG,Being,9
418,sweep,VB,Being,9
419,starting,VBG,Being,9
420,stand,VB,Being,9
421,future,VBP,Being,9
422,says,VBZ,Being,9
423,drain,VB,Being,9
424,Let,VB,Being,9
425,help,VB,Being,9
426,bring,VB,Being,9
427,Make,VB,Being,9
428,going,VBG,Becoming,10
429,know,VBP,Becoming,10
430,will,MD,Becoming,10
431,happen,VB,Becoming,10
432,sided,VBN,Becoming,10
433,will,MD,Becoming,10
434,vow,VB,Becoming,10
435,vote,VB,Becoming,10
436,decided,VBD,Becoming,10
437,post,VB,Becoming,10
438,leave,VB,Becoming,10
439,take,VB,Becoming,10
440,Born,VBN,Becoming,10
441,raised,VBN,Becoming,10
442,talked,VBD,Becoming,10
443,said,VBD,Becoming,10
444,ask,VBP,Becoming,10
445,votes,VBZ,Becoming,10
446,getting,VBG,Becoming,10
447,married,VBN,Becoming,10
448,having,VBG,Becoming,10
449,keep,VB,Becoming,10
450,followed,VBD,Becoming,10
451,came,VBD,Becoming,10
452,vote,VB,Becoming,10
453,voted,VBD,Becoming,10
454,knew,VBD,Becoming,10
455,turns,VBZ,Becoming,10
456,sound,VB,Becoming,10
457,voted,VBD,Becoming,10
458,will,MD,Becoming,10
459,vote,VB,Becoming,10
460,see,VBP,Becoming,10
461,vote,VBP,Becoming,10
462,tends,VBZ,Becoming,10
463,win,VB,Becoming,10
464,came,VBD,Becoming,10
465,moved,VBD,Becoming,10
466,followed,VBN,Becoming,10
467,running,VBG,Becoming,10
468,went,VBD,Becoming,10
469,run,VB,Becoming,10
470,drove,VBD,Becoming,10
471,looking,VBG,Becoming,10
472,thought,VBD,Becoming,10
473,would,MD,Becoming,10
474,buy,VB,Becoming,10
475,take,VB,Becoming,10
476,carry,VB,Becoming,10
477,practice,VB,Becoming,10
478,having,VBG,Becoming,10
479,happen,VB,Becoming,10
480,told,VBD,Becoming,10
481,own,VB,Becoming,10
482,told,VBN,Becoming,10
483,tell,VB,Becoming,10
484,owned,VBD,Becoming,10
485,used,VBN,Becoming,10
486,saw,VBD,Becoming,10
487,bear,VB,Becoming,10
488,thinking,VBG,Becoming,10
489,should,MD,Becoming,10
490,compared,VBN,Becoming,10
491,views,VBZ,Becoming,10
492,made,VBD,Becoming,10
493,buy,VB,Becoming,10
494,practice,VB,Becoming,10
495,hunt,VB,Becoming,10
496,enjoy,VBP,Becoming,10
497,add,VB,Becoming,10
498,became,VBD,Becoming,10
499,would,MD,Becoming,10
500,ask,VB,Becoming,10
501,stood,VBD,Becoming,10
502,thought,VBD,Becoming,10
503,knew,VBD,Becoming,10
504,flying,VBG,Becoming,10
505,working,VBG,Becoming,10
506,brainwashed,VBN,Becoming,10
507,continued,VBD,Becoming,10
508,got,VBD,Becoming,10
509,turned,VBD,Becoming,10
510,challenged,VBD,Becoming,10
511,watch,VB,Becoming,10
512,got,VBD,Becoming,10
513,witness,VB,Becoming,10
514,hand,VB,Becoming,10
515,creating,VBG,Becoming,10
516,mention,VB,Becoming,10
517,thought,VBD,Becoming,10
518,going,VBG,Becoming,10
519,want,VB,Becoming,10
520,JOIN,VB,Becoming,10
521,happens,VBZ,Becoming,10
522,apologized,VBD,Becoming,10
523,voting,VBG,Becoming,10
524,taken,VBN,Becoming,10
525,thought,VBD,Becoming,10
526,let,VB,Becoming,10
527,see,VB,Becoming,10
528,make,VBP,Becoming,10
529,realized,VBD,Becoming,10
530,supposed,VBN,Becoming,10
531,pay,VB,Becoming,10
532,want,VBP,Becoming,10
533,rent,VB,Becoming,10
534,ski,VB,Becoming,10
535,tend,VB,Becoming,10
536,telling,VBG,Becoming,10
537,pay,VBP,Becoming,10
538,covered,VBN,Becoming,10
539,pay,VB,Becoming,10
540,get,VBP,Becoming,10
541,fined,VBN,Becoming,10
542,pay,VB,Becoming,10
543,dogsledding,VBG,Becoming,10
544,paying,VBG,Becoming,10
545,covered,VBN,Becoming,10
546,Approaching,VBG,Becoming,10
547,decided,VBD,Becoming,10
548,would,MD,Becoming,10
549,give,VB,Becoming,10
550,would,MD,Becoming,10
551,provide,VB,Becoming,10
552,worked,VBD,Becoming,10
553,decided,VBD,Becoming,10
554,learn,VB,Becoming,10
555,could,MD,Becoming,10
556,witnessed,VBD,Becoming,10
557,won,VBD,Becoming,10
558,saw,VBD,Becoming,10
559,saw,VBD,Becoming,10
560,seen,VBN,Becoming,10
561,paid,VBD,Becoming,10
562,lost,VBD,Becoming,10
563,started,VBD,Becoming,10
564,posting,VBG,Becoming,10
565,discussing,VBG,Becoming,10
566,bear,VB,Becoming,10
567,own,VB,Becoming,10
568,wear,VB,Becoming,10
569,bear,VB,Becoming,10
570,hang,VBP,Becoming,10
571,Tread,VB,Becoming,10
572,call,VB,Becoming,10
573,fought,VBD,Becoming,10
574,need,VBP,Becoming,10
575,stand,VB,Becoming,10
576,unite,VB,Becoming,10
577,love,VB,Becoming,10
578,doing,VBG,Becoming,10
579,saddened,VBN,Becoming,10
580,forgets,VBZ,Becoming,10
581,marching,VBG,Becoming,10
582,start,VB,Becoming,10
583,sent,VBD,Becoming,10
584,take,VB,Becoming,10
585,protesting,VBG,Becoming,10
586,side,VB,Becoming,10
587,pledged,VBD,Becoming,10
588,held,VBN,Becoming,10
589,held,VBN,Becoming,10
590,see,VBP,Becoming,10
591,pay,VBP,Becoming,10
592,urge,VBP,Becoming,10
593,can,MD,Becoming,10
594,walked,VBD,Becoming,10
595,urge,VBP,Becoming,10
596,RUN,VB,Becoming,10
597,start,VB,Becoming,10
598,spreading,VBG,Becoming,10
599,Let,VB,Becoming,10
600,continue,VB,Becoming,10
601,spin,VB,Becoming,10
602,should,MD,Becoming,10
603,acting,VBG,Becoming,10
604,Thank,VBP,Becoming,10
605,registered,VBN,Being,11
606,like,VB,Being,11
607,tipped,VBN,Being,11
608,left,VBN,Being,11
609,coming,VBG,Being,11
610,value,VB,Being,11
611,intimidate,VB,Being,11
612,silence,VB,Being,11
613,support,VB,Being,11
614,playing,VBG,Being,11
615,involves,VBZ,Being,11
616,working,VBG,Being,11
617,gain,VB,Being,11
618,losing,VBG,Being,11
619,working,VBG,Being,11
620,frame,VB,Being,11
621,casting,VBG,Being,11
622,walks,VBZ,Being,11
623,walked,VBN,Being,11
624,saw,VBD,Being,11
625,rose,VBD,Being,11
626,treated,VBN,Being,11
627,hates,VBZ,Being,11
628,hate,VBP,Being,11
629,support,VBP,Being,11
630,love,VBP,Being,11
631,recognize,VB,Being,11
632,seen,VBN,Being,11
633,hate,VBP,Being,11
634,agree,VB,Being,11
635,brings,VBZ,Being,11
636,graced,VBN,Being,11
637,show,VB,Being,11
638,fall,VB,Being,11
639,tries,VBZ,Being,11
640,place,VB,Being,11
641,stay,VB,Being,11
642,working,VBG,Being,11
643,built,VBD,Being,11
644,held,VBN,Being,11
645,grew,VBD,Being,11
646,lived,VBD,Being,11
647,earned,VBD,Being,11
648,lived,VBD,Being,11
649,received,VBD,Being,11
650,demanded,VBD,Being,11
651,believed,VBN,Being,11
652,get,VBP,Being,11
653,earn,VBP,Being,11
654,earn,VB,Being,11
655,get,VBP,Being,11
656,paid,VBD,Being,11
657,built,VBD,Being,11
658,afforded,VBN,Being,11
659,living,VBG,Being,11
660,decided,VBD,Being,12
661,post,VB,Being,12
662,following,VBG,Being,12
663,Can,MD,Being,12
664,say,VB,Being,12
665,read,VBP,Being,12
666,fills,VBZ,Being,12
667,know,VBP,Being,12
668,may,MD,Being,12
669,sound,VB,Being,12
670,wondered,VBD,Being,12
671,lost,VBN,Being,12
672,watched,VBD,Being,12
673,echoed,VBD,Being,12
674,felt,VBD,Being,12
675,keep,VBP,Being,12
676,voting,VBG,Being,12
677,voted,VBD,Being,12
678,felt,VBD,Being,12
679,bullied,VBN,Being,12
680,alienated,VBN,Being,12
681,silenced,VBN,Being,12
682,seemed,VBD,Being,12
683,stereotype,VB,Being,12
684,felt,VBD,Being,12
685,allowed,VBN,Being,12
686,respect,VBP,Being,12
687,honor,VB,Being,12
688,agree,VB,Being,12
689,mean,VB,Being,12
690,ca,MD,Being,12
691,hear,VB,Being,12
692,discuss,VB,Being,12
693,consider,VB,Being,12
694,make,VBP,Being,12
695,believe,VBP,Being,12
696,Stand,VBP,Being,12
697,differ,VBP,Being,12
698,can,MD,Being,12
699,stand,VB,Being,12
700,seeking,VBG,Being,12
701,Reading,VBG,Being,12
702,unites,VBZ,Being,12
703,matter,VB,Being,12
704,should,MD,Being,12
705,give,VB,Being,12
706,hearing,VBG,Being,12
707,working,VBG,Being,12
708,walk,VB,Being,12
709,raised,VBN,Being,13
710,Divorced,VBN,Being,13
711,came,VBD,Being,13
712,’ve,VB,Being,13
713,had,VBN,Being,13
714,struggle,VB,Being,13
715,posting,VBG,Being,13
716,accepting,VBG,Being,13
717,’s,VBZ,Being,13
718,follow,VBP,Being,13
719,bashed,VBN,Being,13
720,humiliated,VBN,Being,13
721,voted,VBD,Being,13
722,lost,VBD,Being,13
723,would,MD,Being,13
724,expected,VBN,Being,13
725,stop,VB,Being,13
726,talking,VBG,Being,13
727,voted,VBD,Being,13
728,’m,VBP,Being,13
729,mean,VB,Being,13
730,go,VBP,Being,13
731,hold,VBP,Being,13
732,Inspiring,VBG,Being,13
733,speak,VB,Being,13
734,’m,VBP,Being,13
735,’m,VBP,Being,13
736,gon,VBG,Being,13
737,masquerading,VBG,Becoming,14
738,spewing,VBG,Becoming,14
739,twitching,VBG,Becoming,14
740,draw,VBP,Becoming,14
741,fall,VBP,Becoming,14
742,flopping,VBG,Becoming,14
743,changing,VBG,Becoming,14
744,can,MD,Becoming,14
745,create,VB,Becoming,14
746,walk,VBP,Becoming,14
747,must,MD,Becoming,14
748,decide,VB,Becoming,14
749,die,VB,Becoming,14
750,believe,VBP,Becoming,14
751,pointing,VBG,Becoming,14
752,leaves,VBZ,Becoming,14
753,pointed,VBD,Becoming,14
754,know,VBP,Becoming,14
755,lived,VBD,Becoming,14
756,inflicted,VBN,Becoming,14
757,convincing,VBG,Becoming,14
758,striving,VBG,Becoming,14
759,losing,VBG,Becoming,14
760,find,VB,Becoming,14
761,left,VBD,Becoming,14
762,blinded,VBN,Becoming,14
763,leaving,VBG,Becoming,14
764,define,VB,Becoming,14
765,must,MD,Becoming,14
766,pray,VB,Becoming,14
767,feel,VBP,Becoming,14
768,deserve,VB,Becoming,14
769,said,VBN,Becoming,14
770,done,VBN,Becoming,14
771,will,MD,Becoming,14
772,reveal,VB,Becoming,14
773,need,VBP,Becoming,14
774,Watching,VBG,Becoming,14
775,disintegrate,VBP,Becoming,14
776,will,MD,Becoming,14
777,drop,VB,Becoming,14
778,cover,VB,Becoming,14
779,Go,VB,Becoming,14
780,let,VB,Becoming,14
781,hit,VBD,Becoming,14
782,hesitate,VB,Becoming,14
783,saved,VBD,Becoming,14
784,look,VB,Becoming,14
785,remind,VB,Becoming,14
786,May,MD,Becoming,14
787,start,VB,Becoming,14
788,think,VB,Becoming,14
789,wants,VBZ,Becoming,14
790,May,MD,Becoming,14
791,speak,VB,Becoming,14
792,imitate,VB,Becoming,14
793,fed,VBN,Becoming,14
794,let,VB,Becoming,14
795,love,VB,Becoming,14
796,be,VBP,Becoming,14
797,Let,VB,Becoming,14
798,learn,VB,Becoming,14
799,cherish,VB,Becoming,14
800,forgive,VB,Becoming,14
801,accept,VB,Becoming,14
802,comes,VBZ,Becoming,14
803,asks,VBZ,Becoming,14
804,will,MD,Becoming,14
805,can,MD,Becoming,14
806,stepped,VBD,Becoming,14
807,know,VBP,Becoming,14
808,can,MD,Becoming,14
809,free,VB,Becoming,14
810,sees,VBZ,Becoming,14
811,made,VBN,Becoming,14
812,scrimage,VB,Becoming,14
813,set,VBP,Becoming,14
814,gave,VBD,Becoming,14
815,feel,VBP,Becoming,14
816,tell,VBP,Becoming,14
817,mention,VB,Becoming,14
818,allow,VB,Becoming,14
819,give,VB,Becoming,14
820,blessed,VBN,Becoming,14
821,say,VB,Becoming,14
822,decided,VBD,Becoming,14
823,reserved,VBN,Becoming,14
824,regarding,VBG,NA,15
825,can,MD,NA,15
826,stay,VB,NA,15
827,affiliated,VBN,NA,15
828,believe,VBP,NA,15
829,causing,VBG,NA,15
830,lose,VB,NA,15
831,read,VBD,NA,15
832,stated,VBD,NA,15
833,infiltrated,VBN,NA,15
834,enjoy,VB,NA,15
835,posting,VBG,NA,15
836,may,MD,NA,15
837,name,VB,NA,15
838,prove,VB,NA,15
839,live,VBP,NA,15
840,voted,VBD,Becoming,16
841,campaigned,VBD,Becoming,16
842,donated,VBN,Becoming,16
843,attended,VBD,Becoming,16
844,came,VBD,Becoming,16
845,spoke,VBD,Becoming,16
846,poses,VBZ,Becoming,16
847,freaked,VBD,Becoming,16
848,terrified,VBN,Becoming,16
849,destroy,VB,Becoming,16
850,wanted,VBD,Becoming,16
851,prevent,VB,Becoming,16
852,tried,VBD,Becoming,16
853,shut,VB,Becoming,16
854,saving,VBG,Becoming,16
855,fit,VB,Becoming,16
856,’s,VBZ,Becoming,16
857,’ve,VB,Becoming,16
858,smeared,VBN,Becoming,16
859,having,VBG,Becoming,16
860,live,VBP,Becoming,16
861,’m,VBP,Becoming,16
862,keeping,VBG,Becoming,16
863,assume,VBP,Becoming,16
864,share,VBP,Becoming,16
865,share,VBP,Becoming,16
866,based,VBN,Becoming,16
867,loving,VBG,Becoming,17
868,starts,VBZ,Becoming,17
869,born,VBN,Becoming,17
870,moved,VBD,Becoming,17
871,raised,VBN,Becoming,17
872,lived,VBD,Becoming,17
873,come,VBP,Becoming,17
874,talked,VBD,Becoming,17
875,sounded,VBD,Becoming,17
876,came,VBD,Becoming,17
877,Gon,VB,Becoming,17
878,told,VBN,Becoming,17
879,gon,VBG,Becoming,17
880,judged,VBN,Becoming,17
881,would,MD,Becoming,17
882,harass,VB,Becoming,17
883,know,VBP,Becoming,17
884,think,VBP,Becoming,17
885,ran,VBD,Becoming,17
886,want,VBP,Becoming,17
887,raise,VB,Becoming,17
888,growing,VBG,Becoming,17
889,went,VBD,Becoming,17
890,starts,VBZ,Becoming,17
891,talking,VBG,Becoming,17
892,going,VBG,Becoming,17
893,shopping,VBG,Becoming,17
894,Told,VBD,Becoming,17
895,wanted,VBD,Becoming,17
896,go,VB,Becoming,17
897,go,VBP,Becoming,17
898,look,VBP,Becoming,17
899,trying,VBG,Becoming,17
900,Ca,MD,Becoming,17
901,walk,VB,Becoming,17
902,getting,VBG,Becoming,17
903,noticed,VBN,Becoming,17
904,said,VBD,Becoming,17
905,looking,VBG,Becoming,17
906,asked,VBD,Becoming,17
907,thought,VBD,Becoming,17
908,walked,VBD,Becoming,17
909,judging,VBG,Becoming,17
910,said,VBD,Becoming,17
911,thought,VBD,Becoming,17
912,looking,VBG,Becoming,17
913,thought,VBD,Becoming,17
914,bought,VBD,Becoming,17
915,started,VBD,Becoming,17
916,check,VB,Becoming,17
917,happened,VBD,Becoming,17
918,stopped,VBD,Becoming,17
919,feeling,VBG,Becoming,17
920,Stopped,VBN,Becoming,17
921,giving,VBG,Becoming,17
922,got,VBD,Becoming,17
923,pulled,VBN,Becoming,17
924,got,VBD,Becoming,17
925,likes,VBZ,Becoming,17
926,go,VB,Becoming,17
927,guess,VB,Becoming,17
928,got,VBD,Becoming,17
929,walked,VBD,Becoming,17
930,want,VBP,Becoming,17
931,judged,VBN,Becoming,17
932,ca,MD,Becoming,17
933,seem,VB,Becoming,17
934,vote,VB,Becoming,17
935,saw,VBD,NA,18
936,doing,VBG,NA,18
937,thought,VBD,NA,18
938,would,MD,NA,18
939,’m,VBP,NA,18
940,speak,VBP,NA,18
941,love,VBP,NA,18
942,came,VBD,NA,18
943,could,MD,NA,18
944,live,VB,NA,18
945,influenced,VBD,NA,18
946,helped,VBD,NA,18
947,might,MD,NA,18
948,sound,VB,NA,18
949,influence,VB,NA,18
950,hacking,VBG,NA,18
951,registered,VBD,NA,18
952,vote,VB,NA,18
953,voted,VBD,NA,18
954,continue,VBP,NA,18
955,use,VB,NA,18
956,botting,VBG,NA,18
957,include,VBP,NA,18
958,developing,VBG,NA,18
959,helps,VBZ,NA,18
960,working,VBG,NA,18
961,creating,VBG,NA,18
962,continue,VBP,NA,18
963,improve,VB,NA,18
964,bless,VBP,NA,18
965,Retired,VBN,Being,19
966,turned,VBD,Being,19
967,Registered,VBN,Being,19
968,leaning,VBG,Being,19
969,comes,VBZ,Being,19
970,leaning,VBG,Being,19
971,comes,VBZ,Being,19
972,changed,VBN,Being,19
973,morphed,VBN,Being,19
974,embrace,VB,Being,19
975,will,MD,Being,19
976,can,MD,Being,19
977,tolerate,VB,Being,19
978,called,VBN,Being,19
979,made,VBD,Being,19
980,feel,VB,Being,19
981,earned,VBN,Being,19
982,saying,VBG,Being,19
983,said,VBD,Being,19
984,watched,VBN,Being,19
985,makes,VBZ,Being,19
986,ignore,VB,Being,19
987,chosen,VBN,Being,19
988,reading,VBG,Becoming,20
989,must,MD,Becoming,20
990,say,VB,Becoming,20
991,inspired,VBN,Becoming,20
992,jumped,VBD,Becoming,20
993,hopped,VBD,Becoming,20
994,looked,VBD,Becoming,20
995,coming,VBG,Becoming,20
996,preach,VBP,Becoming,20
997,think,VBP,Becoming,20
998,need,VBP,Becoming,20
999,go,VB,Becoming,20
1000,agreeing,VBG,Becoming,20
1001,disagree,VB,Becoming,20
1002,welcome,VBP,Becoming,20
1003,tries,VBZ,Becoming,20
1004,paint,VB,Becoming,20
1005,bless,VBP,Becoming,20
1006,taking,VBG,Becoming,20
1007,Let,VB,Becoming,20
1008,keep,VB,Becoming,20
1009,growing,VBG,Becoming,20
1010,share,VB,Becoming,21
1011,getting,VBG,Becoming,21
1012,getting,VBG,Becoming,21
1013,’ve,VB,Becoming,21
1014,called,VBN,Becoming,21
1015,get,VBP,Becoming,21
1016,’m,VBP,Becoming,21
1017,’m,VBP,Becoming,21
1018,serving,VBG,Becoming,21
1019,’m,VBP,Becoming,21
1020,grew,VBD,Becoming,21
1021,voting,VBG,Becoming,21
1022,’m,VBP,Becoming,21
1023,assuming,VBG,Becoming,21
1024,’s,VBZ,Becoming,21
1025,coming,VBG,Becoming,21
1026,’ve,VB,Becoming,21
1027,attacked,VBN,Becoming,21
1028,voicing,VBG,Becoming,21
1029,support,VBP,Becoming,21
1030,’ve,VB,Becoming,21
1031,lost,VBN,Becoming,21
1032,care,VB,Becoming,21
1033,attack,VB,Becoming,21
1034,support,VBP,Becoming,21
1035,’s,VBZ,Becoming,21
1036,chose,VBD,Becoming,21
1037,stay,VB,Becoming,21
1038,refused,VBD,Becoming,21
1039,brainwashed,VBN,Becoming,21
1040,encourage,VBP,Becoming,21
1041,spread,VB,Becoming,21
1042,post,VB,Becoming,21
1043,pushing,VBG,Becoming,21
1044,’s,VBZ,Becoming,21
1045,boggling,VBG,Becoming,21
1046,getting,VBG,Becoming,21
1047,drained,VBN,Becoming,21
1048,ca,MD,Becoming,21
1049,catch,VB,Becoming,21
1050,share,VBP,Becoming,21
1051,watched,VBD,Becoming,21
1052,said,VBD,Becoming,21
1053,’s,VBZ,Becoming,21
1054,feel,VBP,Becoming,21
1055,fell,VBD,Becoming,21
1056,Pay,VB,Becoming,21
1057,let,VBD,Becoming,21
1058,make,VB,Becoming,21
1059,grow,VB,Becoming,21
1060,see,VBP,Becoming,22
1061,breaking,VBG,Becoming,22
1062,fear,VBP,Becoming,22
1063,reversing,VBG,Becoming,22
1064,Thank,VBP,Becoming,22
1065,shook,VBD,Becoming,22
1066,assigned,VBN,Becoming,22
1067,assassinated,VBN,Becoming,22
1068,shook,VBD,Becoming,22
1069,assassinated,VBN,Becoming,22
1070,Having,VBG,Becoming,22
1071,lived,VBN,Becoming,22
1072,ignored,VBN,Becoming,22
1073,went,VBD,Becoming,22
1074,taking,VBG,Becoming,22
1075,fell,VBD,Becoming,22
1076,remained,VBD,Becoming,22
1077,got,VBD,Becoming,22
1078,involved,VBN,Becoming,22
1079,applaud,VB,Becoming,22
1080,Voted,VBN,Becoming,22
1081,supported,VBD,Becoming,22
1082,came,VBD,Becoming,22
1083,could,MD,Becoming,22
1084,vote,VB,Becoming,22
1085,claimed,VBD,Becoming,22
1086,would,MD,Becoming,22
1087,take,VB,Becoming,22
1088,pay,VB,Becoming,22
1089,called,VBD,Becoming,22
1090,Excuse,VB,Becoming,22
1091,spent,VBN,Becoming,22
1092,taking,VBG,Becoming,22
1093,call,VBP,Becoming,22
1094,continued,VBD,Becoming,22
1095,saw,VBD,Becoming,22
1096,escalating,VBG,Becoming,22
1097,borrowed,VBN,Becoming,22
1098,pay,VB,Becoming,22
1099,knew,VBD,Becoming,22
1100,would,MD,Becoming,22
1101,fail,VB,Becoming,22
1102,Went,VBD,Becoming,22
1103,combat,VB,Becoming,22
1104,Went,VBD,Becoming,22
1105,according,VBG,Becoming,22
1106,underestimated,VBD,Becoming,22
1107,vote,VB,Becoming,22
1108,given,VBN,Becoming,22
1109,deal,VB,Becoming,22
1110,letting,VBG,Becoming,22
1111,overtaken,VBN,Becoming,22
1112,studied,VBD,Becoming,22
1113,affected,VBD,Becoming,22
1114,Found,VBN,Becoming,22
1115,should,MD,Becoming,22
1116,own,VB,Becoming,22
1117,started,VBD,Becoming,22
1118,made,VBN,Becoming,22
1119,carried,VBD,Becoming,22
1120,could,MD,Becoming,22
1121,encouraged,VBN,Becoming,22
1122,make,VB,Becoming,22
1123,set,VBN,Becoming,22
1124,bundled,VBD,Becoming,22
1125,bet,VB,Becoming,22
1126,would,MD,Becoming,22
1127,fail,VB,Becoming,22
1128,knew,VBD,Becoming,22
1129,stop,VB,Becoming,22
1130,bail,VB,Becoming,22
1131,wake,VB,Becoming,22
1132,comes,VBZ,Becoming,22
1133,progressed,VBD,Becoming,22
1134,seemed,VBD,Becoming,22
1135,fix,VB,Becoming,22
1136,bring,VB,Becoming,22
1137,watched,VBD,Becoming,22
1138,voted,VBD,Becoming,22
1139,come,VBN,Becoming,22
1140,giving,VBG,Becoming,22
1141,shocked,VBN,Becoming,22
1142,won,VBD,Becoming,22
1143,thrilled,VBN,Becoming,22
1144,could,MD,Becoming,22
1145,share,VB,Becoming,22
1146,know,VBP,Becoming,22
1147,accomplished,VBN,Becoming,22
1148,come,VBN,Becoming,22
1149,love,VB,Becoming,22
1150,doing,VBG,Becoming,22
1151,loves,VBZ,Becoming,22
1152,give,VB,Becoming,22
1153,could,MD,Becoming,22
1154,retired,VBN,Becoming,22
1155,playing,VBG,Becoming,22
1156,working,VBG,Becoming,22
1157,right,VB,Becoming,22
1158,restore,VB,Becoming,22
1159,weed,VB,Becoming,22
1160,made,VBD,Becoming,22
1161,looks,VBZ,Becoming,22
1162,respects,VBZ,Becoming,22
1163,talks,VBZ,Becoming,22
1164,Hated,VBD,Becoming,22
1165,see,VB,Becoming,22
1166,communicate,VB,Becoming,22
1167,signed,VBN,Becoming,22
1168,posted,VBD,Becoming,22
1169,hoped,VBD,Becoming,22
1170,held,VBN,Becoming,22
1171,get,VBP,Becoming,22
1172,hating,VBG,Becoming,22
1173,take,VB,Becoming,22
1174,come,VB,Becoming,22
1175,going,VBG,Becoming,22
1176,exposing,VBG,Becoming,22
1177,failed,VBN,Becoming,22
1178,depleted,VBN,Becoming,22
1179,shining,VBG,Becoming,22
1180,come,VBP,Becoming,22
1181,call,VB,Becoming,22
1182,care,VB,Becoming,22
1183,sealed,VBN,Becoming,22
1184,released,VBN,Becoming,22
1185,Go,VB,Becoming,22
1186,Go,VB,Becoming,22
1187,Go,VB,Becoming,22
1188,Go,VBP,Becoming,22
1189,Go,VBP,Becoming,22
1190,want,VBP,Becoming,23
1191,share,VB,Becoming,23
1192,coming,VBG,Becoming,23
1193,govern,VBP,Becoming,23
1194,hated,VBD,Becoming,23
1195,hated,VBD,Becoming,23
1196,failed,VBN,Becoming,23
1197,means,VBZ,Becoming,23
1198,checked,VBD,Becoming,23
1199,decided,VBD,Becoming,23
1200,remember,VBP,Becoming,23
1201,remember,VBP,Becoming,23
1202,growing,VBG,Becoming,23
1203,spoke,VBD,Becoming,23
1204,Take,VB,Becoming,23
1205,growing,VBG,Becoming,23
1206,found,VBD,Becoming,23
1207,opted,VBD,Becoming,23
1208,listening,VBG,Becoming,23
1209,prayed,VBD,Becoming,23
1210,would,MD,Becoming,23
1211,endure,VB,Becoming,23
1212,living,VBG,Becoming,23
1213,came,VBD,Becoming,23
1214,made,VBD,Becoming,23
1215,feel,VB,Becoming,23
1216,deliver,VB,Becoming,23
1217,looking,VBG,Becoming,23
1218,think,VBP,Becoming,23
1219,achieve,VB,Becoming,23
1220,needs,VBZ,Becoming,23
1221,learned,VBN,Becoming,23
1222,will,MD,Becoming,23
1223,given,VBN,Becoming,23
1224,lost,VBD,Becoming,23
1225,went,VBD,Becoming,23
1226,faced,VBN,Becoming,23
1227,makes,VBZ,Becoming,23
1228,cringe,VB,Becoming,23
1229,present,VB,Becoming,23
1230,ran,VBD,Becoming,23
1231,began,VBD,Becoming,23
1232,consider,VB,Becoming,23
1233,offer,VB,Becoming,23
1234,became,VBD,Becoming,23
1235,believed,VBD,Becoming,23
1236,happened,VBD,Becoming,23
1237,identified,VBD,Becoming,23
1238,clicked,VBD,Becoming,23
1239,spent,VBD,Becoming,23
1240,admit,VB,Becoming,23
1241,thought,VBD,Becoming,23
1242,had,VBN,Becoming,23
1243,brainwashed,VBN,Becoming,23
1244,holds,VBZ,Becoming,23
1245,solving,VBG,Becoming,23
1246,experienced,VBN,Becoming,23
1247,had,VBN,Becoming,23
1248,endure,VB,Becoming,23
1249,appalled,VBN,Becoming,23
1250,refused,VBD,Becoming,23
1251,consider,VB,Becoming,23
1252,burst,VBD,Becoming,23
1253,discussed,VBD,Becoming,23
1254,shattered,VBD,Becoming,23
1255,see,VB,Becoming,23
1256,learned,VBN,Becoming,23
1257,tell,VB,Becoming,23
1258,waste,VB,Becoming,23
1259,want,VBP,Becoming,23
1260,reject,VB,Becoming,23
1261,deny,VB,Becoming,23
1262,think,VB,Becoming,23
1263,ditched,VBN,Becoming,23
1264,majoring,VBG,Becoming,23
1265,intend,VBP,Becoming,23
1266,help,VB,Becoming,23
1267,lift,VB,Becoming,23
1268,teach,VB,Becoming,23
1269,will,MD,Becoming,23
1270,set,VB,Becoming,23
1271,think,VBP,Becoming,23
1272,doing,VBG,Becoming,23
1273,will,MD,Becoming,23
1274,lay,VB,Becoming,23
1275,can,MD,Becoming,23
1276,make,VB,Becoming,23
1277,gave,VBD,Becoming,23
1278,gives,VBZ,Becoming,23
1279,will,MD,Becoming,23
1280,will,MD,Becoming,23
1281,provided,VBN,Becoming,23
1282,seek,VBP,Becoming,23
1283,repair,VB,Becoming,23
1284,'ll,MD,Becoming,23
1285,find,VB,Becoming,23
1286,look,VBP,Becoming,23
1287,’m,VBP,Becoming,24
1288,grew,VBD,Becoming,24
1289,knew,VBD,Becoming,24
1290,Bought,VBN,Becoming,24
1291,Voted,VBN,Becoming,24
1292,noticed,VBD,Becoming,24
1293,starting,VBG,Becoming,24
1294,cover,VB,Becoming,24
1295,saw,VBD,Becoming,24
1296,started,VBD,Becoming,24
1297,saw,VBD,Becoming,24
1298,presented,VBN,Becoming,24
1299,stifling,VBG,Becoming,24
1300,putting,VBG,Becoming,24
1301,dictated,VBD,Becoming,24
1302,empowering,VBG,Becoming,24
1303,saw,VBD,Becoming,24
1304,flip,VB,Becoming,24
1305,could,MD,Becoming,24
1306,believe,VB,Becoming,24
1307,starting,VBG,Becoming,24
1308,apologize,VB,Becoming,24
1309,support,VB,Becoming,24
1310,Add,VB,Becoming,24
1311,creeping,VBG,Becoming,24
1312,going,VBG,Becoming,24
1313,vote,VB,Becoming,24
1314,happened,VBD,Becoming,24
1315,grew,VBD,Becoming,24
1316,hanging,VBG,Becoming,24
1317,went,VBD,Becoming,24
1318,grew,VBD,Becoming,24
1319,wanted,VBD,Becoming,24
1320,wake,VB,Becoming,24
1321,saw,VBD,Becoming,24
1322,disarming,VBG,Becoming,24
1323,became,VBD,Becoming,24
1324,managed,VBD,Becoming,24
1325,lose,VB,Becoming,24
1326,knew,VBD,Becoming,24
1327,will,MD,Becoming,24
1328,talk,VB,Becoming,24
1329,Got,VBD,Becoming,24
1330,called,VBN,Becoming,24
1331,harassed,VBN,Becoming,24
1332,spread,VBP,Becoming,24
1333,knew,VBD,Becoming,24
1334,blocked,VBD,Becoming,24
1335,got,VBD,Becoming,24
1336,started,VBD,Becoming,24
1337,criticizing,VBG,Becoming,24
1338,creating,VBG,Becoming,24
1339,’s,VBZ,Becoming,24
1340,see,VB,Becoming,24
1341,experienced,VBD,Becoming,24
1342,’re,VBP,Becoming,24
1343,’s,VBZ,Becoming,24
1344,grew,VBD,Becoming,25
1345,lived,VBD,Becoming,25
1346,met,VBD,Becoming,25
1347,voted,VBD,Becoming,25
1348,seeing,VBG,Becoming,25
1349,walked,VBD,Becoming,25
1350,leaving,VBG,Becoming,25
1351,see,VB,Becoming,25
1352,starting,VBG,Becoming,25
1353,continued,VBD,Becoming,25
1354,escalate,VB,Becoming,25
1355,disengaging,VBG,Becoming,25
1356,pushed,VBD,Becoming,25
1357,wanted,VBD,Becoming,25
1358,associated,VBN,Becoming,25
1359,Working,VBG,Becoming,25
1360,understood,VBD,Becoming,25
1361,got,VBD,Becoming,25
1362,elected,VBN,Becoming,25
1363,could,MD,Becoming,25
1364,understand,VB,Becoming,25
1365,catering,VBG,Becoming,25
1366,taking,VBG,Becoming,25
1367,kill,VBP,Becoming,25
1368,hate,VBP,Becoming,25
1369,told,VBN,Becoming,25
1370,must,MD,Becoming,25
1371,changing,VBG,Becoming,25
1372,start,VBP,Becoming,25
1373,think,VB,Becoming,25
1374,walk,VB,Becoming,25
1375,Admitting,VBG,Becoming,25
1376,coming,VBG,Becoming,25
1377,feel,VBP,Becoming,25
1378,vote,VB,Becoming,25
1379,boils,VBZ,Becoming,25
1380,would,MD,Becoming,25
1381,like,VB,Becoming,25
1382,conclude,VB,Becoming,25
1383,will,MD,Becoming,25
1384,call,VB,Becoming,25
1385,said,VBD,Becoming,25
1386,comes,VBZ,Becoming,25
1387,will,MD,Becoming,25
1388,come,VB,Becoming,25
1389,BEWARE,VB,Becoming,25
1390,discovered,VBN,Becoming,26
1391,applaud,VB,Becoming,26
1392,started,VBN,Becoming,26
1393,decided,VBD,Becoming,26
1394,discovered,VBD,Becoming,26
1395,misleading,VBG,Becoming,26
1396,can,MD,Becoming,26
1397,guess,VB,Becoming,26
1398,demonized,VBN,Becoming,26
1399,came,VBD,Becoming,26
1400,called,VBN,Becoming,26
1401,stop,VB,Becoming,26
1402,talking,VBG,Becoming,26
1403,deleting,VBG,Becoming,26
1404,blacklisted,VBN,Becoming,26
1405,made,VBN,Becoming,26
1406,find,VB,Becoming,26
1407,acting,VBG,Becoming,26
1408,asked,VBN,Becoming,26
1409,spin,VB,Becoming,26
1410,calls,VBZ,Becoming,26
1411,found,VBN,Becoming,26
1412,doing,VBG,Becoming,26
1413,show,VBP,Becoming,26
1414,started,VBN,Becoming,26
1415,build,VB,Becoming,26
1416,can,MD,Becoming,26
1417,met,VBN,Becoming,26
1418,felt,VBN,Becoming,26
1419,harassed,VBN,Becoming,26
1420,attacked,VBN,Becoming,26
1421,taught,VBN,Becoming,26
1422,told,VBD,Becoming,26
1423,should,MD,Becoming,26
1424,hate,VBP,Becoming,26
1425,believed,VBD,Becoming,26
1426,came,VBD,Becoming,26
1427,left,VBD,Becoming,26
1428,tried,VBD,Becoming,26
1429,force,VB,Becoming,26
1430,would,MD,Becoming,26
1431,say,VB,Becoming,26
1432,hope,VBP,Becoming,26
1433,realize,VBP,Becoming,26
1434,love,VBP,Becoming,26
1435,believe,VBP,Becoming,26
1436,know,VBP,Becoming,26
1437,aspiring,VBG,Becoming,26
1438,want,VBP,Becoming,26
1439,tell,VB,Becoming,26
1440,wish,VBP,Becoming,26
1441,hope,VBP,Becoming,26
1442,can,MD,Becoming,26
1443,handle,VB,Becoming,26
1444,lied,VBN,Becoming,26
1445,can,MD,Becoming,26
1446,relate,VB,Becoming,26
1447,involved,VBN,Becoming,27
1448,voted,VBD,Becoming,27
1449,believed,VBD,Becoming,27
1450,ran,VBD,Becoming,27
1451,voted,VBD,Becoming,27
1452,support,VB,Becoming,27
1453,’s,VBZ,Becoming,27
1454,concerned,VBN,Becoming,27
1455,found,VBD,Becoming,27
1456,would,MD,Becoming,27
1457,end,VB,Becoming,27
1458,would,MD,Becoming,27
1459,affected,VBN,Becoming,27
1460,calm,VB,Becoming,27
1461,becoming,VBG,Becoming,27
1462,naturalized,VBN,Becoming,27
1463,pay,VBP,Becoming,27
1464,needs,VBZ,Becoming,27
1465,invented,VBN,Becoming,27
1466,tell,VBP,Becoming,27
1467,relax,VB,Becoming,27
1468,stay,VB,Becoming,27
1469,will,MD,Becoming,27
1470,care,VB,Becoming,27
1471,seen,VBN,Becoming,27
1472,proven,VBN,Becoming,27
1473,give,VB,Becoming,27
1474,keep,VB,Becoming,27
1475,doing,VBG,Becoming,27
1476,’re,VBP,Becoming,27
1477,doing,VBG,Becoming,27
1478,working,VBG,Becoming,27
1479,paying,VBG,Becoming,27
1480,caused,VBN,Becoming,27
1481,watch,VB,Becoming,27
1482,’s,VBZ,Becoming,27
1483,ca,MD,Becoming,27
1484,’s,VBZ,Becoming,27
1485,living,VBG,Becoming,27
1486,want,VBP,Becoming,27
1487,influence,VB,Becoming,27
1488,using,VBG,Becoming,27
1489,represent,VB,Becoming,27
1490,can,MD,Becoming,27
1491,see,VB,Becoming,27
1492,’s,VBZ,Becoming,27
1493,used,VBN,Becoming,27
1494,know,VB,Becoming,27
1495,ruined,VBD,Becoming,27
1496,Worked,VBD,Being,28
1497,became,VBD,Being,28
1498,giving,VBG,Being,28
1499,’ve,VB,Being,28
1500,received,VBN,Being,28
1501,coming,VBG,Being,28
1502,asked,VBD,Being,28
1503,received,VBD,Being,28
1504,used,VBD,Being,28
1505,vote,VB,Being,28
1506,knew,VBD,Being,28
1507,declared,VBN,Being,28
1508,remind,VB,Being,28
1509,must,MD,Being,28
1510,vote,VB,Being,28
1511,look,VB,Being,28
1512,’ve,VB,Being,28
1513,turned,VBN,Being,28
1514,’ve,VB,Being,28
1515,demoralized,VBN,Being,28
1516,emboldening,VBG,Being,28
1517,’ve,VB,Being,28
1518,made,VBN,Being,28
1519,trust,VB,Being,28
1520,would,MD,Being,28
1521,know,VB,Being,28
1522,bless,VBP,Being,28
1523,synopsize,VB,Becoming,29
1524,share,VB,Becoming,29
1525,raised,VBN,Becoming,29
1526,obsessed,VBN,Becoming,29
1527,thinking,VBG,Becoming,29
1528,continued,VBD,Becoming,29
1529,studying,VBG,Becoming,29
1530,became,VBD,Becoming,29
1531,differing,VBG,Becoming,29
1532,disagreed,VBD,Becoming,29
1533,evolved,VBD,Becoming,29
1534,include,VB,Becoming,29
1535,accept,VB,Becoming,29
1536,met,VBN,Becoming,29
1537,came,VBD,Becoming,29
1538,became,VBD,Becoming,29
1539,made,VBD,Becoming,29
1540,must,MD,Becoming,29
1541,discovered,VBN,Becoming,29
1542,must,MD,Becoming,29
1543,deciding,VBG,Becoming,29
1544,told,VBN,Becoming,29
1545,called,VBN,Becoming,29
1546,help,VB,Becoming,29
1547,identify,VBP,Becoming,29
1548,intended,VBN,Becoming,29
1549,runs,VBZ,Becoming,29
1550,tells,VBZ,Becoming,29
1551,can,MD,Becoming,29
1552,decide,VB,Becoming,29
1553,need,VBP,Becoming,29
1554,tells,VBZ,Becoming,29
1555,love,VB,Becoming,29
1556,protect,VB,Becoming,29
1557,love,VBP,Becoming,29
1558,walk,VB,Becoming,29
1559,sprinted,VBD,Becoming,29
1560,intend,VBP,Becoming,29
1561,win,VB,Becoming,29
1562,’m,VBP,NA,30
1563,touched,VBN,NA,30
1564,’m,VBP,NA,30
1565,going,VBG,NA,30
1566,’ve,VB,NA,30
1567,battling,VBG,NA,30
1568,’ve,VB,NA,30
1569,felt,VBN,NA,30
1570,joining,VBG,NA,30
1571,woke,VBD,NA,30
1572,want,VBP,NA,30
1573,thank,VB,NA,30
1574,deleting,VBG,NA,30
1575,care,VB,NA,30
1576,Thank,VBP,NA,30
1577,love,VBP,NA,30
1578,’m,VBP,NA,30
1579,wanna,VBP,NA,30
1580,felt,VBD,Becoming,31
1581,victimized,VBD,Becoming,31
1582,would,MD,Becoming,31
1583,voted,VBN,Becoming,31
1584,could,MD,Becoming,31
1585,’m,VBP,Becoming,31
1586,watched,VBN,Becoming,31
1587,become,VBP,Becoming,31
1588,destroyed,VBN,Becoming,31
1589,passed,VBD,Becoming,31
1590,allowing,VBG,Becoming,31
1591,increasing,VBG,Becoming,31
1592,covered,VBN,Becoming,31
1593,taking,VBG,Becoming,31
1594,watched,VBN,Becoming,31
1595,return,VBP,Becoming,31
1596,could,MD,Becoming,31
1597,follow,VB,Becoming,31
1598,save,VB,Becoming,31
1599,suffer,VBP,Becoming,31
1600,shut,VBD,Becoming,31
1601,works,VBZ,Becoming,31
1602,go,VB,Becoming,31
1603,missed,VBN,Becoming,31
1604,making,VBG,Becoming,31
1605,would,MD,Becoming,31
1606,destroy,VB,Becoming,31
1607,watched,VBD,Becoming,31
1608,grew,VBD,Becoming,31
1609,take,VB,Becoming,31
1610,handed,VBN,Becoming,31
1611,preaching,VBG,Becoming,31
1612,doing,VBG,Becoming,31
1613,make,VB,Becoming,31
1614,living,VBG,Becoming,31
1615,know,VB,Becoming,31
1616,lean,VBP,Becoming,31
1617,learning,VBG,Becoming,31
1618,made,VBN,Becoming,31
1619,labeling,VBG,Becoming,31
1620,working,VBG,Becoming,31
1621,keep,VB,Becoming,31
1622,empowering,VBG,Becoming,31
1623,relocated,VBD,Becoming,31
1624,saw,VBD,Becoming,31
1625,insisted,VBD,Becoming,31
1626,keeping,VBG,Becoming,31
1627,developed,VBD,Becoming,31
1628,refuse,VBP,Becoming,31
1629,seen,VBN,Becoming,31
1630,defended,VBD,Becoming,31
1631,knew,VBD,Becoming,31
1632,effected,VBN,Becoming,31
1633,desire,VB,Becoming,31
1634,reject,VBP,Becoming,31
1635,attribute,VB,Becoming,31
1636,would,MD,Becoming,31
1637,considered,VBN,Becoming,31
1638,seeing,VBG,Becoming,31
1639,exhibited,VBN,Becoming,31
1640,pushed,VBN,Becoming,31
1641,relate,VB,Becoming,31
1642,become,VBN,Becoming,31
1643,shown,VBN,Becoming,31
1644,know,VB,Becoming,31
1645,would,MD,Becoming,31
1646,saying,VBG,Becoming,31
1647,get,VBP,Becoming,31
1648,realize,VBP,Becoming,31
1649,love,VBP,Becoming,31
1650,live,VB,Becoming,31
1651,compare,VB,Becoming,31
1652,suffering,VBG,Becoming,31
1653,find,VBP,Becoming,31
1654,love,VB,Becoming,31
1655,believe,VB,Becoming,31
1656,call,VBP,Becoming,31
1657,can,MD,Becoming,31
1658,support,VB,Becoming,31
1659,believe,VB,Becoming,31
1660,stand,VB,Becoming,31
1661,fought,VBD,Becoming,31
1662,give,VB,Becoming,31
1663,bless,VBP,Becoming,31
1664,watching,VBG,Being,32
1665,'ll,MD,Being,32
1666,say,VB,Being,32
1667,served,VBD,Being,32
1668,stirred,VBD,Being,32
1669,spent,VBN,Being,32
1670,arrived,VBD,Being,32
1671,playing,VBG,Being,32
1672,pushing,VBG,Being,32
1673,compare,VBP,Being,32
1674,vote,VBP,Being,32
1675,learned,VBN,Being,32
1676,believe,VB,Being,32
1677,tell,VBP,Being,32
1678,Implement,VB,Being,32
1679,goes,VBZ,Being,32
1680,evolved,VBD,Being,32
1681,comprehend,VB,Being,32
1682,let,VB,Being,32
1683,attempt,VB,Being,32
1684,implement,VB,Being,32
1685,watching,VBG,Being,32
1686,made,VBN,Being,32
1687,rooting,VBG,Being,32
1688,asked,VBN,Becoming,33
1689,voted,VBD,Becoming,33
1690,said,VBD,Becoming,33
1691,started,VBD,Becoming,33
1692,telling,VBG,Becoming,33
1693,’d,MD,Becoming,33
1694,vote,VB,Becoming,33
1695,prevent,VB,Becoming,33
1696,making,VBG,Becoming,33
1697,laughed,VBD,Becoming,33
1698,said,VBD,Becoming,33
1699,said,VBD,Becoming,33
1700,told,VBD,Becoming,33
1701,'ll,MD,Becoming,33
1702,look,VB,Becoming,33
1703,thank,VBP,Becoming,33
1704,threatening,VBG,Becoming,33
1705,twisting,VBG,Becoming,33
1706,said,VBD,Becoming,33
1707,could,MD,Becoming,33
1708,believe,VB,Becoming,33
1709,seeing,VBG,Becoming,33
1710,unfolding,VBG,Becoming,33
1711,could,MD,Becoming,33
1712,believe,VB,Becoming,33
1713,fooled,VBN,Becoming,33
1714,living,VBG,Becoming,33
1715,love,VBP,Becoming,33
1716,Bring,VB,Becoming,33
1717,live,VBP,Becoming,33
1718,proving,VBG,Becoming,33
1719,continue,VB,Becoming,33
1720,Make,VB,Becoming,33
1721,living,VBG,NA,34
1722,walked,VBD,NA,34
1723,witnessed,VBD,NA,34
1724,preach,VBP,NA,34
1725,go,VB,NA,34
1726,use,VB,NA,34
1727,talk,VB,NA,34
1728,watched,VBD,NA,34
1729,lie,VB,NA,34
1730,disgust,VBP,NA,34
1731,’ve,VB,Becoming,35
1732,voted,VBN,Becoming,35
1733,grew,VBD,Becoming,35
1734,married,VBD,Becoming,35
1735,explained,VBD,Becoming,35
1736,could,MD,Becoming,35
1737,told,VBD,Becoming,35
1738,vote,VB,Becoming,35
1739,want,VBP,Becoming,35
1740,say,VB,Becoming,35
1741,voted,VBD,Becoming,35
1742,wanted,VBD,Becoming,35
1743,thinks,VBZ,Becoming,35
1744,tells,VBZ,Becoming,35
1745,vote,VB,Becoming,35
1746,become,VBN,Becoming,35
