,noun_phrase,postid,type_of_narr
0,We,1,Being
1,identity politics,1,Being
2,We,1,Being
3,a gay couple,1,Being
4,who,1,Being
5,20 years,1,Being
6,we,1,Being
7,the Republican ticket,1,Being
8,It,1,Being
9,our friends,1,Being
10,we,1,Being
11,Republican,1,Being
12,it,1,Being
13,our family,1,Being
14,we,1,Being
15,We,1,Being
16,ourselves,1,Being
17,one closet,1,Being
18,a darker one,1,Being
19,"Our ""friends",1,Being
20,we,1,Being
21,the election,1,Being
22,They,1,Being
23,us,1,Being
24,Facebook,1,Being
25,us,1,Being
26,nasty and hateful messages,1,Being
27,voice mails,1,Being
28,our phone,1,Being
29,us,1,Being
30,social events,1,Being
31,Thanos' snap,1,Being
32,they,1,Being
33,a matter,1,Being
34,seconds,1,Being
35,These actions,1,Being
36,our choice,1,Being
37,What,1,Being
38,we,1,Being
39,pictures,1,Being
40,us,1,Being
41,Chik-fil,1,Being
42,a fries,1,Being
43,shopping,1,Being
44,Hobby Lobby,1,Being
45,it,1,Being
46,We,1,Being
47,Republican,1,Being
48,every rabid attack,2,Being
49,the left,2,Being
50,Trump,2,Being
51,they,2,Being
52,his second victory,2,Being
53,every riot,2,Being
54,assault,2,Being
55,doxxing,2,Being
56,act,2,Being
57,physical intimidation,2,Being
58,portrayal,2,Being
59,the assassination,2,Being
60,the president,2,Being
61,threat,2,Being
62,Conservatives,2,Being
63,we,2,Being
64,one step,2,Being
65,the Conservative cause,2,Being
66,our country,2,Being
67,the Left's insanity,2,Being
68,our Republic's constitutional greatness,2,Being
69,what,2,Being
70,you,2,Being
71,I,2,Being
72,"20,000 followers",2,Being
73,We,2,Being
74,the mainstream media,2,Being
75,President Trump,2,Being
76,death threats,2,Being
77,his wife,2,Being
78,his son,2,Being
79,pedophiles,2,Being
80,his cabinet,2,Being
81,restaurants,2,Being
82,you,2,Being
83,the left,2,Being
84,we,2,Being
85,news,2,Being
86,you,2,Being
87,We,2,Being
88,I,3,Becoming
89,I,3,Becoming
90,I,3,Becoming
91,Tennessee,3,Becoming
92,my life,3,Becoming
93,I,3,Becoming
94,democrats,3,Becoming
95,the left,3,Becoming
96,I,3,Becoming
97,I,3,Becoming
98,I,3,Becoming
99,them,3,Becoming
100,I,3,Becoming
101,Republicans,3,Becoming
102,my rights,3,Becoming
103,I,3,Becoming
104,the Republicans,3,Becoming
105,the day,3,Becoming
106,I,3,Becoming
107,I,3,Becoming
108,I,3,Becoming
109,high school,3,Becoming
110,I,3,Becoming
111,Trump's speech,3,Becoming
112,the first time,3,Becoming
113,this point,3,Becoming
114,I,3,Becoming
115,full support,3,Becoming
116,Hillary,3,Becoming
117,I,3,Becoming
118,something,3,Becoming
119,what,3,Becoming
120,he,3,Becoming
121,I,3,Becoming
122,the first time,3,Becoming
123,I,3,Becoming
124,the Republican party,3,Becoming
125,they,3,Becoming
126,me,3,Becoming
127,I,3,Becoming
128,great friends,3,Becoming
129,who,3,Becoming
130,me,3,Becoming
131,this day,3,Becoming
132,I,3,Becoming
133,Trump,3,Becoming
134,the first time,3,Becoming
135,my life,3,Becoming
136,I,3,Becoming
137,the lies,3,Becoming
138,the democrats,3,Becoming
139,me,3,Becoming
140,I,3,Becoming
141,democrat,3,Becoming
142,I,3,Becoming
143,I,3,Becoming
144,people,3,Becoming
145,the left,3,Becoming
146,I,3,Becoming
147,the Democratic Party,3,Becoming
148,why I #walkaway,3,Becoming
149,the left,3,Becoming
150,It,4,Becoming
151,the stories,4,Becoming
152,people,4,Becoming
153,the same viewpoints,4,Becoming
154,myself,4,Becoming
155,I,4,Becoming
156,I,4,Becoming
157,a Democrat,4,Becoming
158,that age,4,Becoming
159,I,4,Becoming
160,what,4,Becoming
161,my political ideas,4,Becoming
162,the years,4,Becoming
163,I,4,Becoming
164,I,4,Becoming
165,my belief system,4,Becoming
166,I,4,Becoming
167,the first Obama campaign,4,Becoming
168,him,4,Becoming
169,people,4,Becoming
170,him,4,Becoming
171,I,4,Becoming
172,him,4,Becoming
173,I,4,Becoming
174,him,4,Becoming
175,he,4,Becoming
176,our president,4,Becoming
177,I,4,Becoming
178,him,4,Becoming
179,hatred,4,Becoming
180,bashing,4,Becoming
181,His presidency,4,Becoming
182,our great country,4,Becoming
183,it,4,Becoming
184,today,4,Becoming
185,the Trump campaign,4,Becoming
186,I,4,Becoming
187,a Trump fan,4,Becoming
188,I,4,Becoming
189,his ideas,4,Becoming
190,a fan,4,Becoming
191,I,4,Becoming
192,him,4,Becoming
193,my mind,4,Becoming
194,I,4,Becoming
195,two evils,4,Becoming
196,I,4,Becoming
197,Trump,4,Becoming
198,I,4,Becoming
199,he,4,Becoming
200,America,4,Becoming
201,he,4,Becoming
202,things,4,Becoming
203,things,4,Becoming
204,his intentions,4,Becoming
205,he,4,Becoming
206,what,4,Becoming
207,he,4,Becoming
208,The hate,4,Becoming
209,the left,4,Becoming
210,me,4,Becoming
211,I,4,Becoming
212,his friends,4,Becoming
213,relatives,4,Becoming
214,Trump,4,Becoming
215,they,4,Becoming
216,his children,4,Becoming
217,I,4,Becoming
218,it,4,Becoming
219,This movement,4,Becoming
220,it,4,Becoming
221,stories,4,Becoming
222,the way,4,Becoming
223,I,4,Becoming
224,our country,4,Becoming
225,our President,4,Becoming
226,me,4,Becoming
227,I,4,Becoming
228,a bot,4,Becoming
229,something,4,Becoming
230,Just a single mom,4,Becoming
231,who,4,Becoming
232,her country,4,Becoming
233,it,4,Becoming
234,my children,4,Becoming
235,future generations,4,Becoming
236,I,5,Becoming
237,a lifelong moderate Democrat,5,Becoming
238,I,5,Becoming
239,Obama,5,Becoming
240,I,5,Becoming
241,he,5,Becoming
242,enough time,5,Becoming
243,the changes,5,Becoming
244,he,5,Becoming
245,I,5,Becoming
246,my choice,5,Becoming
247,the second election,5,Becoming
248,I,5,Becoming
249,the agenda,5,Becoming
250,talk,5,Becoming
251,"dishonest, dangerous policies",5,Becoming
252,I,5,Becoming
253,he,5,Becoming
254,his back,5,Becoming
255,our law enforcement,5,Becoming
256,Israel,5,Becoming
257,I,5,Becoming
258,politicians,5,Becoming
259,the least bit,5,Becoming
260,the people,5,Becoming
261,this country,5,Becoming
262,I,5,Becoming
263,Hillary,5,Becoming
264,she,5,Becoming
265,the women,5,Becoming
266,her husband,5,Becoming
267,the entire Democratic party,5,Becoming
268,support,5,Becoming
269,him,5,Becoming
270,his perjury,5,Becoming
271,Her corruption,5,Becoming
272,me,5,Becoming
273,Obama's administration,5,Becoming
274,she,5,Becoming
275,President,5,Becoming
276,I,5,Becoming
277,myself,5,Becoming
278,I,5,Becoming
279,my heart,5,Becoming
280,I,5,Becoming
281,her,5,Becoming
282,I,5,Becoming
283,Trump,5,Becoming
284,her Email scandal,5,Becoming
285,all the evidence,5,Becoming
286,I,5,Becoming
287,no charges,5,Becoming
288,her,5,Becoming
289,She,5,Becoming
290,the same standards,5,Becoming
291,we,5,Becoming
292,The Clinton Machine,5,Becoming
293,"a dangerous, powerful, corrupt entity",5,Becoming
294,I,5,Becoming
295,Trump,5,Becoming
296,he,5,Becoming
297,a politician,5,Becoming
298,He,5,Becoming
299,a businessman,5,Becoming
300,anyone's pocket,5,Becoming
301,I,5,Becoming
302,the amount,5,Becoming
303,hate,5,Becoming
304,fear,5,Becoming
305,violence,5,Becoming
306,intimidation,5,Becoming
307,the Democrats,5,Becoming
308,him,5,Becoming
309,his family,5,Becoming
310,The vicious attacks,5,Becoming
311,the MSM,5,Becoming
312,"The vulgar, hateful, slanderous attacks",5,Becoming
313,The Hollywood elite,5,Becoming
314,their eyes,5,Becoming
315,I,5,Becoming
316,I,5,Becoming
317,the right choice,5,Becoming
318,The Liberal Radical Left insanity,5,Becoming
319,me,5,Becoming
320,their toxic dust,5,Becoming
321,the party,5,Becoming
322,I,5,Becoming
323,I,5,Becoming
324,Fox News,5,Becoming
325,civil discussions,5,Becoming
326,I,5,Becoming
327,the investigations,5,Becoming
328,DOJ,5,Becoming
329,FBI,5,Becoming
330,myself,5,Becoming
331,none,5,Becoming
332,Hillary,5,Becoming
333,the corruption,5,Becoming
334,Trump,5,Becoming
335,America,5,Becoming
336,the swamp,5,Becoming
337,I,5,Becoming
338,his safety,5,Becoming
339,continued success,5,Becoming
340,The hypocrisy,5,Becoming
341,the left,5,Becoming
342,they,5,Becoming
343,illegal immigration,5,Becoming
344,intimidation,5,Becoming
345,suppression,5,Becoming
346,free speech,5,Becoming
347,public harassment,5,Becoming
348,hate,5,Becoming
349,violence,5,Becoming
350,I,5,Becoming
351,I,5,Becoming
352,a part,5,Becoming
353,them,5,Becoming
354,you,5,Becoming
355,me,5,Becoming
356,this group,5,Becoming
357,I,5,Becoming
358,what,5,Becoming
359,I,5,Becoming
360,my heart,5,Becoming
361,I,5,Becoming
362,I,5,Becoming
363,my Country,5,Becoming
364,WalkAway,5,Becoming
365,I,5,Becoming
366,a bot,5,Becoming
367,I,6,NA
368,#Walkaway,6,NA
369,crimes,6,NA
370,Front Page news,6,NA
371,Back Page news,6,NA
372,they,6,NA
373,Obama,6,NA
374,police brutality,6,NA
375,the funeral,6,NA
376,murdered police officers,6,NA
377,Dallas,6,NA
378,Marxism,6,NA
379,it,6,NA
380,100 million people,6,NA
381,the last century,6,NA
382,identity politics,6,NA
383,an argument,6,NA
384,you,6,NA
385,white males,6,NA
386,the point,6,NA
387,them,6,NA
388,(literally something,6,NA
389,a friend,6,NA
390,me,6,NA
391,I,6,NA
392,I,6,NA
393,the Left,6,NA
394,politics,6,NA
395,socialism,6,NA
396,ZERO chance,6,NA
397,I,6,NA
398,I,7,Being
399,a UAW member,7,Being
400,the record,7,Being
401,I,7,Being
402,anti-Union,7,Being
403,I,7,Being
404,Anti CORRUPT Union,7,Being
405,I,7,Being
406,a a suburb,7,Being
407,Detroit,7,Being
408,Both my Mother,7,Being
409,my father,7,Being
410,"hard working, blue collar Union workers",7,Being
411,They,7,Being
412,factory workers,7,Being
413,trade,7,Being
414,our household,7,Being
415,pure Democrat,7,Being
416,members,7,Being
417,the UAW,7,Being
418,I,7,Being
419,a Democrat,7,Being
420,Republican,7,Being
421,Carter,7,Being
422,America,7,Being
423,I,7,Being
424,Ronald Reagan,7,Being
425,the presidency,7,Being
426,I,7,Being
427,he,7,Being
428,Jimmy Carter's previous agenda,7,Being
429,the PATCO workers,7,Being
430,I,7,Being
431,Reagan's overall policies,7,Being
432,Clinton,7,Being
433,office,7,Being
434,I,7,Being
435,BOTH parties,7,Being
436,an equal hand,7,Being
437,the American workers,7,Being
438,jobs,7,Being
439,slave trade countries,7,Being
440,I,7,Being
441,the Republican Party,7,Being
442,"its conservative, constitutional principles",7,Being
443,I,7,Being
444,Obama's tales,7,Being
445,change,7,Being
446,hope,7,Being
447,the American people,7,Being
448,he,7,Being
449,the torch,7,Being
450,Wall Street,7,Being
451,his predecessors,7,Being
452,He,7,Being
453,the knife,7,Being
454,the backs,7,Being
455,millions,7,Being
456,union workers,7,Being
457,the attack,7,Being
458,middle income workers,7,Being
459,his attack,7,Being
460,our wages,7,Being
461,the auto execs,7,Being
462,billions,7,Being
463,His policies,7,Being
464,workers,7,Being
465,2 tier,7,Being
466,even 3rd tier wages,7,Being
467,us,7,Being
468,our only effective bargaining tool,7,Being
469,our right,7,Being
470,He,7,Being
471,his attack,7,Being
472,our jobs,7,Being
473,BS agreements,7,Being
474,Korea,7,Being
475,NATO,7,Being
476,WTO,7,Being
477,I,7,Being
478,Trump,7,Being
479,he,7,Being
480,Obama,7,Being
481,(Hillary,7,Being
482,I,7,Being
483,I,7,Being
484,part,7,Being
485,the #WalkAway Campaign,7,Being
486,I,8,Becoming
487,a member,8,Becoming
488,#walkaway,8,Becoming
489,my testimony,8,Becoming
490,I,8,Becoming
491,the Democratic Party,8,Becoming
492,I,8,Becoming
493,I,8,Becoming
494,I,8,Becoming
495,I,8,Becoming
496,Democrats,8,Becoming
497,I,8,Becoming
498,I,8,Becoming
499,Gore,8,Becoming
500,Bush,8,Becoming
501,whatever reason,8,Becoming
502,my stepdad,8,Becoming
503,Clinton,8,Becoming
504,I,8,Becoming
505,my first kid,8,Becoming
506,it,8,Becoming
507,me,8,Becoming
508,the candidates,8,Becoming
509,who,8,Becoming
510,me,8,Becoming
511,I,8,Becoming
512,a Republican,8,Becoming
513,I,8,Becoming
514,McCain/,8,Becoming
515,Paliin ticket,8,Becoming
516,a huge Palin fan,8,Becoming
517,I,8,Becoming
518,Obama,8,Becoming
519,I,8,Becoming
520,I,8,Becoming
521,him,8,Becoming
522,the benefit,8,Becoming
523,the doubt,8,Becoming
524,I,8,Becoming
525,the side,8,Becoming
526,the road,8,Becoming
527,a hope,8,Becoming
528,a bright future,8,Becoming
529,my little one,8,Becoming
530,Obama,8,Becoming
531,I,8,Becoming
532,we,8,Becoming
533,Obamacare,8,Becoming
534,I,8,Becoming
535,the hurt,8,Becoming
536,money,8,Becoming
537,our pockets,8,Becoming
538,the premiums,8,Becoming
539,I,8,Becoming
540,Trump,8,Becoming
541,my first pick,8,Becoming
542,him,8,Becoming
543,Hillary,8,Becoming
544,no way,8,Becoming
545,I,8,Becoming
546,#withher,8,Becoming
547,a scary time,8,Becoming
548,I,8,Becoming
549,what kind,8,Becoming
550,world,8,Becoming
551,our children,8,Becoming
552,socialism,8,Becoming
553,control,8,Becoming
554,it,8,Becoming
555,only a matter,8,Becoming
556,time,8,Becoming
557,I,8,Becoming
558,this country,8,Becoming
559,I,8,Becoming
560,God,8,Becoming
561,I,8,Becoming
562,I,8,Becoming
563,a voice,8,Becoming
564,we,8,Becoming
565,voices,8,Becoming
566,Not a Russian Bot,8,Becoming
567,just a concerned citizen,8,Becoming
568,this great country#MAGA2020,8,Becoming
569,you,9,Being
570,me,9,Being
571,I,9,Being
572,this group,9,Being
573,I,9,Being
574,a short comment,9,Being
575,I,9,Being
576,the direction,9,Being
577,this great nation,9,Being
578,a group,9,Being
579,trash,9,Being
580,hate,9,Being
581,I,9,Being
582,over one thousand likes,9,Being
583,love,9,Being
584,I,9,Being
585,track,9,Being
586,all the welcome and positive comments,9,Being
587,my simple post,9,Being
588,fellow Americans,9,Being
589,I,9,Being
590,the saying,9,Being
591,You,9,Being
592,me,9,Being
593,an understatement,9,Being
594,I,9,Being
595,part,9,Being
596,a group,9,Being
597,America,9,Being
598,we,9,Being
599,the way,9,Being
600,we,9,Being
601,this great nation,9,Being
602,my opinion,9,Being
603,I,9,Being
604,many posts,9,Being
605,many videos,9,Being
606,I,9,Being
607,anything,9,Being
608,respect,9,Being
609,EVERYBODY,9,Being
610,I,9,Being
611,this group,9,Being
612,I,9,Being
613,what,9,Being
614,I,9,Being
615,my grandchildren,9,Being
616,they,9,Being
617,I,9,Being
618,flag,9,Being
619,gun,9,Being
620,American,9,Being
621,I,9,Being
622,my hand,9,Being
623,my heart,9,Being
624,the national anthem,9,Being
625,I,9,Being
626,a democrat,9,Being
627,last 3rd,9,Being
628,I,9,Being
629,other Americans,9,Being
630,ideas,9,Being
631,I,9,Being
632,a swing vote voter,9,Being
633,vote,9,Being
634,who,9,Being
635,I,9,Being
636,America,9,Being
637,I,9,Being
638,I,9,Being
639,childhood memories,9,Being
640,I,9,Being
641,My dad,9,Being
642,a hardened veteran,9,Being
643,WWII,9,Being
644,a true blue southern baptist democrat,9,Being
645,the south,9,Being
646,my mom,9,Being
647,the farmlands,9,Being
648,our nation,9,Being
649,a true blue democratic Lutheran,9,Being
650,My first memory,9,Being
651,politics,9,Being
652,religion,9,Being
653,4 grade,9,Being
654,Dwight Eisenhower,9,Being
655,the setting President,9,Being
656,who,9,Being
657,president,9,Being
658,a young catholic man,9,Being
659,a mixed heated debate,9,Being
660,my parents,9,Being
661,their friends,9,Being
662,JFK,9,Being
663,I,9,Being
664,my parents,9,Being
665,him,9,Being
666,they,9,Being
667,democrats,9,Being
668,he,9,Being
669,What,9,Being
670,it,9,Being
671,them,9,Being
672,me,9,Being
673,the inaugural address,9,Being
674,he,9,Being
675,what,9,Being
676,your country,9,Being
677,you,9,Being
678,what,9,Being
679,you,9,Being
680,your country,9,Being
681,Zing,9,Being
682,both my very hard working parents,9,Being
683,the great depression,9,Being
684,this new President,9,Being
685,who,9,Being
686,I,9,Being
687,who,9,Being
688,4th grade,9,Being
689,the day,9,Being
690,I,9,Being
691,an American,9,Being
692,the years,9,Being
693,I,9,Being
694,candidates,9,Being
695,they,9,Being
696,Americans,9,Being
697,those years,9,Being
698,I,9,Being
699,a slide,9,Being
700,one side,9,Being
701,the value,9,Being
702,I,9,Being
703,it,9,Being
704,I,9,Being
705,this day,9,Being
706,people,9,Being
707,side,9,Being
708,the parties,9,Being
709,What,9,Being
710,me,9,Being
711,the band wagon,9,Being
712,9-11 America,9,Being
713,patriotism,9,Being
714,belief,9,Being
715,who,9,Being
716,president,9,Being
717,a really good orator,9,Being
718,I,9,Being
719,him,9,Being
720,something,9,Being
721,his way,9,Being
722,words,9,Being
723,what,9,Being
724,a southern baptist smooth orator preacher,9,Being
725,the pulpit,9,Being
726,the crap,9,Being
727,me,9,Being
728,a young age,9,Being
729,I,9,Being
730,this smooth orator,9,Being
731,the next 8 years,9,Being
732,I,9,Being
733,this smooth talker,9,Being
734,my America,9,Being
735,I,9,Being
736,an understatement,9,Being
737,I,9,Being
738,the place,9,Being
739,fire,9,Being
740,buildings,9,Being
741,riot,9,Being
742,the streets,9,Being
743,who,9,Being
744,president,9,Being
745,a person,9,Being
746,Americans,9,Being
747,she,9,Being
748,her,9,Being
749,they,9,Being
750,help,9,Being
751,that sort,9,Being
752,person,9,Being
753,she,9,Being
754,office,9,Being
755,this guy,9,Being
756,a finger,9,Being
757,TV,9,Being
758,what a choice,9,Being
759,I,9,Being
760,we,9,Being
761,Americans,9,Being
762,I,9,Being
763,the debates,9,Being
764,she,9,Being
765,the floor,9,Being
766,myself,9,Being
767,this your fired guy,9,Being
768,he,9,Being
769,she,9,Being
770,prison,9,Being
771,I,9,Being
772,she,9,Being
773,the highest office,9,Being
774,the world,9,Being
775,he,9,Being
776,it,9,Being
777,national TV,9,Being
778,I,9,Being
779,my research,9,Being
780,this business man,9,Being
781,the person,9,Being
782,what,9,Being
783,America,9,Being
784,America,9,Being
785,she,9,Being
786,the corner,9,Being
787,dust,9,Being
788,her torch,9,Being
789,America,9,Being
790,This man,9,Being
791,Our President,9,Being
792,the man,9,Being
793,an American,9,Being
794,God,9,Being
795,Americans,9,Being
796,uniform,9,Being
797,farmers,9,Being
798,auto workers,9,Being
799,coal workers,9,Being
800,stock brokers,9,Being
801,the edges,9,Being
802,a politician,9,Being
803,tweets,9,Being
804,it,9,Being
805,it,9,Being
806,me,9,Being
807,the wall,9,Being
808,times,9,Being
809,leaders,9,Being
810,counties,9,Being
811,the UN,9,Being
812,the bank,9,Being
813,talks,9,Being
814,our enemies,9,Being
815,our fallen heroes,9,Being
816,what,9,Being
817,he,9,Being
818,he,9,Being
819,the debating stage,9,Being
820,I,9,Being
821,my definition,9,Being
822,voting,9,Being
823,I,9,Being
824,I,9,Being
825,a RAPTOR,9,Being
826,I,9,Being
827,I,9,Being
828,America,9,Being
829,the dust,9,Being
830,I,9,Being
831,hope,9,Being
832,my grand babies,9,Being
833,America,9,Being
834,Americans,9,Being
835,not the dysfunctional politicians,9,Being
836,both side,9,Being
837,the aisle,9,Being
838,we,9,Being
839,We,9,Being
840,democrats,9,Being
841,republicans,9,Being
842,we,9,Being
843,Americans,9,Being
844,President Trump,9,Being
845,the swamp,9,Being
846,'s,9,Being
847,this business man,9,Being
848,her,9,Being
849,your vote,9,Being
850,America,9,Being
851,you,9,Being
852,your research,9,Being
853,NOTHING,9,Being
854,I,10,Becoming
855,a video,10,Becoming
856,I,10,Becoming
857,I,10,Becoming
858,not a BOT,10,Becoming
859,an American,10,Becoming
860,who,10,Becoming
861,a political party,10,Becoming
862,Democrat,10,Becoming
863,I,10,Becoming
864,that recent post,10,Becoming
865,the man,10,Becoming
866,who,10,Becoming
867,a neighbor,10,Becoming
868,a note,10,Becoming
869,his American flag,10,Becoming
870,it,10,Becoming
871,a symbol,10,Becoming
872,hate,10,Becoming
873,Boston,10,Becoming
874,we,10,Becoming
875,politics,10,Becoming
876,our family,10,Becoming
877,My dad,10,Becoming
878,a Marine,10,Becoming
879,a definite Republican,10,Becoming
880,my mother,10,Becoming
881,you,10,Becoming
882,who,10,Becoming
883,someone,10,Becoming
884,they,10,Becoming
885,they,10,Becoming
886,kids,10,Becoming
887,the 70s,10,Becoming
888,we,10,Becoming
889,our country,10,Becoming
890,I,10,Becoming
891,politics,10,Becoming
892,it,10,Becoming
893,I,10,Becoming
894,issues,10,Becoming
895,I,10,Becoming
896,I,10,Becoming
897,just sound bytes,10,Becoming
898,I,10,Becoming
899,Bush Sr.,10,Becoming
900,Bill Clinton,10,Becoming
901,Bush Jr.,10,Becoming
902,Obama,10,Becoming
903,now Trump,10,Becoming
904,him,10,Becoming
905,you,10,Becoming
906,the pattern,10,Becoming
907,everyone,10,Becoming
908,I,10,Becoming
909,{smile,10,Becoming
910,My awakening,10,Becoming
911,I,10,Becoming
912,a busy part,10,Becoming
913,the country,10,Becoming
914,New England,10,Becoming
915,45 minutes,10,Becoming
916,any town,10,Becoming
917,the southern rockies,10,Becoming
918,Colorado,10,Becoming
919,I,10,Becoming
920,three men,10,Becoming
921,a truck,10,Becoming
922,it,10,Becoming
923,an hour,10,Becoming
924,I,10,Becoming
925,the woods,10,Becoming
926,homes,10,Becoming
927,my house,10,Becoming
928,they,10,Becoming
929,me,10,Becoming
930,I,10,Becoming
931,something,10,Becoming
932,I,10,Becoming
933,I,10,Becoming
934,a gun,10,Becoming
935,a conceal,10,Becoming
936,class,10,Becoming
937,it,10,Becoming
938,a place,10,Becoming
939,under 500 people,10,Becoming
940,the fall,10,Becoming
941,winter,10,Becoming
942,no cell service,10,Becoming
943,8K feet,10,Becoming
944,elevation,10,Becoming
945,45 minutes,10,Becoming
946,police help,10,Becoming
947,I,10,Becoming
948,I,10,Becoming
949,family,10,Becoming
950,friends,10,Becoming
951,they,10,Becoming
952,me,10,Becoming
953,a gun,10,Becoming
954,I,10,Becoming
955,my nieces,10,Becoming
956,nephews,10,Becoming
957,I,10,Becoming
958,a gun,10,Becoming
959,they,10,Becoming
960,them,10,Becoming
961,our family,10,Becoming
962,a fan,10,Becoming
963,them,10,Becoming
964,I,10,Becoming
965,the cultural difference,10,Becoming
966,southern Colorado,10,Becoming
967,The difference,10,Becoming
968,a liberal mentality,10,Becoming
969,our right,10,Becoming
970,arms,10,Becoming
971,the northeast,10,Becoming
972,people,10,Becoming
973,guns,10,Becoming
974,the hands,10,Becoming
975,the average person,10,Becoming
976,the need,10,Becoming
977,desire,10,Becoming
978,the southwest,10,Becoming
979,the conservatives,10,Becoming
980,it,10,Becoming
981,It,10,Becoming
982,me,10,Becoming
983,I,10,Becoming
984,I,10,Becoming
985,it,10,Becoming
986,my collection,10,Becoming
987,A dear friend,10,Becoming
988,I,10,Becoming
989,me,10,Becoming
990,I,10,Becoming
991,Obama,10,Becoming
992,I,10,Becoming
993,I,10,Becoming
994,I,10,Becoming
995,I,10,Becoming
996,the country,10,Becoming
997,work,10,Becoming
998,12-14 hour days,10,Becoming
999,the terminals,10,Becoming
1000,airports,10,Becoming
1001,CNN,10,Becoming
1002,MSNBC,10,Becoming
1003,I,10,Becoming
1004,I,10,Becoming
1005,Fox,10,Becoming
1006,my niece,10,Becoming
1007,an anchor,10,Becoming
1008,Fox,10,Becoming
1009,Philadelphia,10,Becoming
1010,This particular friend,10,Becoming
1011,me,10,Becoming
1012,Fox,10,Becoming
1013,a week,10,Becoming
1014,It,10,Becoming
1015,the time,10,Becoming
1016,the Ferguson riots,10,Becoming
1017,I,10,Becoming
1018,the difference,10,Becoming
1019,reporting,10,Becoming
1020,As well as the division,10,Becoming
1021,our country,10,Becoming
1022,our President,10,Becoming
1023,the time,10,Becoming
1024,Obama,10,Becoming
1025,his side kick Holder,10,Becoming
1026,the direct outright attacks,10,Becoming
1027,our policemen,10,Becoming
1028,women,10,Becoming
1029,I,10,Becoming
1030,I,10,Becoming
1031,who,10,Becoming
1032,the force,10,Becoming
1033,what,10,Becoming
1034,the safety,10,Becoming
1035,law,10,Becoming
1036,order,10,Becoming
1037,this country,10,Becoming
1038,It,10,Becoming
1039,I,10,Becoming
1040,everyone,10,Becoming
1041,my Facebook page,10,Becoming
1042,person,10,Becoming
1043,that guy,10,Becoming
1044,I,10,Becoming
1045,I,10,Becoming
1046,an active part,10,Becoming
1047,my country,10,Becoming
1048,our politics,10,Becoming
1049,the time,10,Becoming
1050,my husband,10,Becoming
1051,I,10,Becoming
1052,I,10,Becoming
1053,'s,10,Becoming
1054,this Affordable Care Act,10,Becoming
1055,My first quote,10,Becoming
1056,two adults,10,Becoming
1057,the hospital,10,Becoming
1058,the plan,10,Becoming
1059,My second quote,10,Becoming
1060,two adults,10,Becoming
1061,No children,10,Becoming
1062,No surgeries,10,Becoming
1063,anesthesia,10,Becoming
1064,we,10,Becoming
1065,decent salaries,10,Becoming
1066,I,10,Becoming
1067,we,10,Becoming
1068,the people,10,Becoming
1069,the county,10,Becoming
1070,houses,10,Becoming
1071,the mountain,10,Becoming
1072,bar,10,Becoming
1073,no powder days,10,Becoming
1074,the tune,10,Becoming
1075,someone,10,Becoming
1076,me,10,Becoming
1077,they,10,Becoming
1078,everything,10,Becoming
1079,Me,10,Becoming
1080,I,10,Becoming
1081,another mortgage payment,10,Becoming
1082,the form,10,Becoming
1083,the lowest coverage health insurance,10,Becoming
1084,you,10,Becoming
1085,it,10,Becoming
1086,you,10,Becoming
1087,top,10,Becoming
1088,I,10,Becoming
1089,physical therapy,10,Becoming
1090,a dogsledding accident,10,Becoming
1091,I,10,Becoming
1092,the girl,10,Becoming
1093,Obamacare,10,Becoming
1094,Her therapy,10,Becoming
1095,I,10,Becoming
1096,I,10,Becoming
1097,my business,10,Becoming
1098,a company,10,Becoming
1099,the team interaction,10,Becoming
1100,it,10,Becoming
1101,me,10,Becoming
1102,my husband healthcare,10,Becoming
1103,the nightmare,10,Becoming
1104,the ACA,10,Becoming
1105,What a shame,10,Becoming
1106,the Affordable Care Act,10,Becoming
1107,a result,10,Becoming
1108,I,10,Becoming
1109,everything,10,Becoming
1110,anything,10,Becoming
1111,I,10,Becoming
1112,politics,10,Becoming
1113,I,10,Becoming
1114,the complete breakdown,10,Becoming
1115,the left,10,Becoming
1116,Trump,10,Becoming
1117,office,10,Becoming
1118,I,10,Becoming
1119,the hate,10,Becoming
1120,the lunatic fringe mentality,10,Becoming
1121,I,10,Becoming
1122,even more division,10,Becoming
1123,I,10,Becoming
1124,my life,10,Becoming
1125,I,10,Becoming
1126,attention,10,Becoming
1127,the corruption,10,Becoming
1128,the Clintons,10,Becoming
1129,the Obamas,10,Becoming
1130,the FBI,10,Becoming
1131,I,10,Becoming
1132,friends,10,Becoming
1133,Facebook,10,Becoming
1134,real life,10,Becoming
1135,I,10,Becoming
1136,my political views,10,Becoming
1137,my right,10,Becoming
1138,arms,10,Becoming
1139,an AR15,10,Becoming
1140,a right,10,Becoming
1141,arms dog tag,10,Becoming
1142,a .22 bullet,10,Becoming
1143,my neck,10,Becoming
1144,I,10,Becoming
1145,the American flag,10,Becoming
1146,Me Gadsden flag,10,Becoming
1147,I,10,Becoming
1148,this country,10,Becoming
1149,my family,10,Becoming
1150,our wars,10,Becoming
1151,I,10,Becoming
1152,every state,10,Becoming
1153,this country,10,Becoming
1154,good decent people,10,Becoming
1155,We,10,Becoming
1156,this hate,10,Becoming
1157,people,10,Becoming
1158,one,10,Becoming
1159,their backgrounds,10,Becoming
1160,political stances,10,Becoming
1161,This movement,10,Becoming
1162,I,10,Becoming
1163,a part,10,Becoming
1164,it,10,Becoming
1165,I,10,Becoming
1166,this country,10,Becoming
1167,itself,10,Becoming
1168,My hometown,10,Becoming
1169,Massachusetts,10,Becoming
1170,men,10,Becoming
1171,our center town commons,10,Becoming
1172,the North Bridge,10,Becoming
1173,Concord,10,Becoming
1174,the Revolutionary War,10,Becoming
1175,Gage,10,Becoming
1176,his men,10,Becoming
1177,our munitions,10,Becoming
1178,that barn,10,Becoming
1179,kids,10,Becoming
1180,those town center lawns,10,Becoming
1181,guns,10,Becoming
1182,their parents,10,Becoming
1183,them,10,Becoming
1184,Old Ironsides,10,Becoming
1185,The Old North Bridge,10,Becoming
1186,our field trips,10,Becoming
1187,kids,10,Becoming
1188,We,10,Becoming
1189,the flag,10,Becoming
1190,school,10,Becoming
1191,the mornings,10,Becoming
1192,Today,10,Becoming
1193,the NRA signs,10,Becoming
1194,8 year olds,10,Becoming
1195,worse signs,10,Becoming
1196,young women,10,Becoming
1197,their moms,10,Becoming
1198,protests,10,Becoming
1199,our country,10,Becoming
1200,this day,10,Becoming
1201,I,10,Becoming
1202,the NRA post,10,Becoming
1203,someone,10,Becoming
1204,I,10,Becoming
1205,another friends membership,10,Becoming
1206,one year,10,Becoming
1207,I,10,Becoming
1208,people,10,Becoming
1209,they,10,Becoming
1210,I,10,Becoming
1211,I,10,Becoming
1212,people,10,Becoming
1213,the hate,10,Becoming
1214,love,10,Becoming
1215,unity,10,Becoming
1216,common sense,10,Becoming
1217,'s,10,Becoming
1218,our forefathers,10,Becoming
1219,their collective graves,10,Becoming
1220,We,10,Becoming
1221,Americans,10,Becoming
1222,everyone,10,Becoming
1223,it,10,Becoming
1224,you,10,Becoming
1225,this page,10,Becoming
1226,Peace,10,Becoming
1227,I,11,Being
1228,a registered conservative,11,Being
1229,I,11,Being
1230,I,11,Being
1231,radical ideologues,11,Being
1232,any variety,11,Being
1233,The scales,11,Being
1234,The hatred,11,Being
1235,hypocrisy,11,Being
1236,who,11,Being
1237,diversity,11,Being
1238,thought,11,Being
1239,all a bullying tactic,11,Being
1240,people,11,Being
1241,I,11,Being
1242,regressive leftists,11,Being
1243,entrenched republicans,11,Being
1244,What,11,Being
1245,That half the population's citizens,11,Being
1246,Nazis,11,Being
1247,racists,11,Being
1248,Nazis,11,Being
1249,racists,11,Being
1250,Trump,11,Being
1251,a deep game,11,Being
1252,Russians,11,Being
1253,the presidency,11,Being
1254,establishment politicians,11,Being
1255,power,11,Being
1256,the mainstream media,11,Being
1257,Donald Trump,11,Being
1258,anyone,11,Being
1259,them,11,Being
1260,the first place,11,Being
1261,villains,11,Being
1262,We,11,Being
1263,the Tea Party,11,Being
1264,opposition,11,Being
1265,republicans,11,Being
1266,democrats,11,Being
1267,they,11,Being
1268,The establishment,11,Being
1269,Trump,11,Being
1270,they,11,Being
1271,us,11,Being
1272,who,11,Being
1273,him,11,Being
1274,America,11,Being
1275,its exceptionalism-,11,Being
1276,the likes,11,Being
1277,the world,11,Being
1278,they,11,Being
1279,anyone,11,Being
1280,they,11,Being
1281,This movement,11,Being
1282,me,11,Being
1283,hope,11,Being
1284,#WalkAway,11,Being
1285,I,11,Being
1286,a Russian bot,11,Being
1287,I,11,Being
1288,a citizen,11,Being
1289,the greatest nation,11,Being
1290,God's earth,11,Being
1291,* A little edit/addition,11,Being
1292,conservatives,11,Being
1293,the stereotype,11,Being
1294,the media,11,Being
1295,us,11,Being
1296,I,11,Being
1297,home,11,Being
1298,diapers,11,Being
1299,shopping,11,Being
1300,housecleaning,11,Being
1301,laundry,11,Being
1302,dishes,11,Being
1303,my first son's birth,11,Being
1304,addition,11,Being
1305,part-time jobs,11,Being
1306,a waiter,11,Being
1307,graphic designer,11,Being
1308,filmmaker,11,Being
1309,online fitness coach,11,Being
1310,my wife,11,Being
1311,the breadwinner,11,Being
1312,an amazing career,11,Being
1313,her gender,11,Being
1314,the last 20+ years,11,Being
1315,We,11,Being
1316,very poor households,11,Being
1317,I,11,Being
1318,my father- a disabled vet-,11,Being
1319,who,11,Being
1320,disability,11,Being
1321,my wife,11,Being
1322,her disabled mother,11,Being
1323,who,11,Being
1324,our parents,11,Being
1325,democrats,11,Being
1326,Neither me,11,Being
1327,my wife,11,Being
1328,anything,11,Being
1329,anyone,11,Being
1330,We,11,Being
1331,you,11,Being
1332,what,11,Being
1333,you,11,Being
1334,what,11,Being
1335,you,11,Being
1336,We,11,Being
1337,our way,11,Being
1338,school,11,Being
1339,the life,11,Being
1340,we,11,Being
1341,We,11,Being
1342,the opportunities,11,Being
1343,we,11,Being
1344,opportunities,11,Being
1345,us,11,Being
1346,the greatest nation,11,Being
1347,I,12,Being
1348,this movement,12,Being
1349,I,12,Being
1350,every story,12,Being
1351,I,12,Being
1352,me,12,Being
1353,such hope,12,Being
1354,inspiration,12,Being
1355,joy,12,Being
1356,just pure thankfulness,12,Being
1357,an American,12,Being
1358,I,12,Being
1359,this last election,12,Being
1360,I,12,Being
1361,I,12,Being
1362,Brandon’s video,12,Being
1363,it,12,Being
1364,everything,12,Being
1365,I,12,Being
1366,the Democratic party,12,Being
1367,I,12,Being
1368,friends,12,Being
1369,who,12,Being
1370,Democrats,12,Being
1371,Libertarians,12,Being
1372,Socialists,12,Being
1373,Republicans,12,Being
1374,atheists,12,Being
1375,Christian,12,Being
1376,I,12,Being
1377,a Christian,12,Being
1378,a Republican,12,Being
1379,I,12,Being
1380,I,12,Being
1381,an independent,12,Being
1382,a few keys issues,12,Being
1383,me,12,Being
1384,Republican,12,Being
1385,I,12,Being
1386,Trump,12,Being
1387,I,12,Being
1388,It,12,Being
1389,my vote,12,Being
1390,people,12,Being
1391,me,12,Being
1392,my support,12,Being
1393,President Trump,12,Being
1394,I,12,Being
1395,the ability,12,Being
1396,an open exchange,12,Being
1397,ideas,12,Being
1398,opinions,12,Being
1399,I,12,Being
1400,everyone’s voice,12,Being
1401,we,12,Being
1402,we,12,Being
1403,our differences,12,Being
1404,each other’s view points,12,Being
1405,Everyone’s voice,12,Being
1406,it,12,Being
1407,US,12,Being
1408,who,12,Being
1409,this country,12,Being
1410,we,12,Being
1411,fact,12,Being
1412,the U.S.,12,Being
1413,I,12,Being
1414,We,12,Being
1415,our opinions,12,Being
1416,we,12,Being
1417,a people,12,Being
1418,the common goal,12,Being
1419,peace,12,Being
1420,prosperity,12,Being
1421,all the stories,12,Being
1422,people,12,Being
1423,all walks,12,Being
1424,life,12,Being
1425,It,12,Being
1426,our humanity,12,Being
1427,us,12,Being
1428,It,12,Being
1429,what,12,Being
1430,our political affiliation,12,Being
1431,what,12,Being
1432,our religious beliefs,12,Being
1433,we,12,Being
1434,a voice,12,Being
1435,we,12,Being
1436,the respect,12,Being
1437,the common good,12,Being
1438,We,12,Being
1439,#walkaway,12,Being
1440,hand,12,Being
1441,hand,12,Being
1442,I,13,Being
1443,a conservative family,13,Being
1444,I,13,Being
1445,eight years,13,Being
1446,I,13,Being
1447,three beautiful daughters,13,Being
1448,friends,13,Being
1449,family,13,Being
1450,I,13,Being
1451,my political beliefs,13,Being
1452,opinions,13,Being
1453,social media,13,Being
1454,The gay community,13,Being
1455,an accepting community,13,Being
1456,It,13,Being
1457,their way,13,Being
1458,no way,13,Being
1459,You,13,Being
1460,this gay agenda,13,Being
1461,I,13,Being
1462,Trump,13,Being
1463,I,13,Being
1464,over 100 friends,13,Being
1465,facebook,13,Being
1466,some even close friends,13,Being
1467,I,13,Being
1468,me,13,Being
1469,I,13,Being
1470,Trump,13,Being
1471,I,13,Being
1472,I,13,Being
1473,an extreme liberal,13,Being
1474,I,13,Being
1475,church,13,Being
1476,I,13,Being
1477,faith,13,Being
1478,God,13,Being
1479,I,13,Being
1480,conservative values,13,Being
1481,This new #WalkAway campaign,13,Being
1482,such a great thing,13,Being
1483,so many people,13,Being
1484,who,13,Being
1485,I,13,Being
1486,a Trump supporter,13,Being
1487,I,13,Being
1488,#WalkAway,13,Being
1489,the gay community,13,Being
1490,the proud conservative,13,Being
1491,I,13,Being
1492,men,14,Becoming
1493,women,14,Becoming
1494,martyrs,14,Becoming
1495,the cause,14,Becoming
1496,Sinister sentiments,14,Becoming
1497,their mouths,14,Becoming
1498,a crack addict,14,Becoming
1499,withdrawal,14,Becoming
1500,the conclusions,14,Becoming
1501,they,14,Becoming
1502,illusions,14,Becoming
1503,reason,14,Becoming
1504,Flip-flopping facts,14,Becoming
1505,fiction,14,Becoming
1506,their moral beliefs,14,Becoming
1507,the seasons,14,Becoming
1508,one,14,Becoming
1509,balance,14,Becoming
1510,the world,14,Becoming
1511,the path,14,Becoming
1512,they,14,Becoming
1513,we,14,Becoming
1514,we,14,Becoming
1515,what,14,Becoming
1516,we,14,Becoming
1517,not every belief,14,Becoming
1518,the finger,14,Becoming
1519,others,14,Becoming
1520,you,14,Becoming
1521,I,14,Becoming
1522,I,14,Becoming
1523,a life,14,Becoming
1524,self-inflicted strife,14,Becoming
1525,myself,14,Becoming
1526,I,14,Becoming
1527,My downfall,14,Becoming
1528,I,14,Becoming
1529,acceptance,14,Becoming
1530,myself,14,Becoming
1531,it,14,Becoming
1532,it,14,Becoming
1533,me,14,Becoming
1534,truth,14,Becoming
1535,it,14,Becoming
1536,others,14,Becoming
1537,it,14,Becoming
1538,we,14,Becoming
1539,discernment,14,Becoming
1540,ourselves,14,Becoming
1541,we,14,Becoming
1542,it,14,Becoming
1543,the Son,14,Becoming
1544,the most High,14,Becoming
1545,every lie,14,Becoming
1546,all the answers,14,Becoming
1547,we,14,Becoming
1548,the walls,14,Becoming
1549,hate,14,Becoming
1550,the weight,14,Becoming
1551,arrogance,14,Becoming
1552,truth bombs,14,Becoming
1553,people,14,Becoming
1554,the shrapnel,14,Becoming
1555,their own hipocracy,14,Becoming
1556,the bullets,14,Becoming
1557,faith,14,Becoming
1558,the face,14,Becoming
1559,the enemy,14,Becoming
1560,He,14,Becoming
1561,us,14,Becoming
1562,our works,14,Becoming
1563,His purpose,14,Becoming
1564,grace,14,Becoming
1565,the devil,14,Becoming
1566,the face,14,Becoming
1567,him,14,Becoming
1568,he,14,Becoming
1569,no place,14,Becoming
1570,this arms race,14,Becoming
1571,we,14,Becoming
1572,ourselves,14,Becoming
1573,shells,14,Becoming
1574,the people,14,Becoming
1575,God,14,Becoming
1576,us,14,Becoming
1577,we,14,Becoming
1578,our minds,14,Becoming
1579,the lines,14,Becoming
1580,we,14,Becoming
1581,the TV screens,14,Becoming
1582,us,14,Becoming
1583,one,14,Becoming
1584,they,14,Becoming
1585,our foe,14,Becoming
1586,our brother,14,Becoming
1587,'s,14,Becoming
1588,the devil,14,Becoming
1589,your path,14,Becoming
1590,You,14,Becoming
1591,peace,14,Becoming
1592,the debris,14,Becoming
1593,the aftermath,14,Becoming
1594,his earthly reign,14,Becoming
1595,you,14,Becoming
1596,a name,14,Becoming
1597,Christ Jesus,14,Becoming
1598,The same man,14,Becoming
1599,who,14,Becoming
1600,His throne,14,Becoming
1601,us,14,Becoming
1602,He,14,Becoming
1603,I,14,Becoming
1604,who,14,Becoming
1605,us,14,Becoming
1606,the prison,14,Becoming
1607,our own minds,14,Becoming
1608,He,14,Becoming
1609,us,14,Becoming
1610,We,14,Becoming
1611,His image,14,Becoming
1612,no need,14,Becoming
1613,who,14,Becoming
1614,whom,14,Becoming
1615,the moment,14,Becoming
1616,you,14,Becoming
1617,foot,14,Becoming
1618,your mother's womb,14,Becoming
1619,He,14,Becoming
1620,you,14,Becoming
1621,a purpose,14,Becoming
1622,you,14,Becoming
1623,you,14,Becoming
1624,it,14,Becoming
1625,I,14,Becoming
1626,you,14,Becoming
1627,no condescension,14,Becoming
1628,My only intention,14,Becoming
1629,my story,14,Becoming
1630,others,14,Becoming
1631,a moment,14,Becoming
1632,self-reflection,14,Becoming
1633,God,14,Becoming
1634,the glory,14,Becoming
1635,the end,14,Becoming
1636,the day,14,Becoming
1637,I,14,Becoming
1638,I,14,Becoming
1639,who,14,Becoming
1640,#WalkAway,14,Becoming
1641,(Original work,14,Becoming
1642,All rights,14,Becoming
1643,copyright,14,Becoming
1644,commercial use,14,Becoming
1645,Photo credit,14,Becoming
1646,my wonderful husband,14,Becoming
1647,I,15,NA
1648,a Russian Bot,15,NA
1649,I,15,NA
1650,a box,15,NA
1651,politics,15,NA
1652,the changes,15,NA
1653,tribal messaging,15,NA
1654,the DNC,15,NA
1655,MSM,15,NA
1656,extreme factions,15,NA
1657,some politicians,15,NA
1658,I,15,NA
1659,this part,15,NA
1660,the political spectrum,15,NA
1661,I,15,NA
1662,I,15,NA
1663,the discourse and street tactics,15,NA
1664,the Democratic Party,15,NA
1665,it,15,NA
1666,course,15,NA
1667,I,15,NA
1668,a CNN article,15,NA
1669,the WalkAway Campaign,15,NA
1670,Russian Bots,15,NA
1671,fake news,15,NA
1672,I,15,NA
1673,a picture,15,NA
1674,a sign,15,NA
1675,I,15,NA
1676,a Bot,15,NA
1677,the times,15,NA
1678,we,15,NA
1679,It,15,NA
1680,a mix,15,NA
1681,Fahrenheit,15,NA
1682,I,16,Becoming
1683,a lifelong liberal,16,Becoming
1684,who,16,Becoming
1685,Obama,16,Becoming
1686,I,16,Becoming
1687,him,16,Becoming
1688,money,16,Becoming
1689,his first inauguration,16,Becoming
1690,My#WalkAway moment,16,Becoming
1691,Bibi Netanyahu,16,Becoming
1692,Congress,16,Becoming
1693,the grave threat,16,Becoming
1694,Iran,16,Becoming
1695,Israel,16,Becoming
1696,Nancy Pelosi,16,Becoming
1697,an observant Jew,16,Becoming
1698,whose mother-in-law,16,Becoming
1699,a Holocaust survivor,16,Becoming
1700,I,16,Becoming
1701,Iran’s continual threats,16,Becoming
1702,Israel,16,Becoming
1703,Bibi,16,Becoming
1704,the second genocide,16,Becoming
1705,our people,16,Becoming
1706,100 years,16,Becoming
1707,Nancy Pelosi,16,Becoming
1708,him,16,Becoming
1709,Jews,16,Becoming
1710,her own political agenda,16,Becoming
1711,The Iran deal,16,Becoming
1712,a line,16,Becoming
1713,the sand,16,Becoming
1714,me,16,Becoming
1715,What,16,Becoming
1716,80%,16,Becoming
1717,the Jewish community,16,Becoming
1718,knee-jerk leftists,16,Becoming
1719,whose religion,16,Becoming
1720,progressivism,16,Becoming
1721,Judaism,16,Becoming
1722,I,16,Becoming
1723,non-religious relatives,16,Becoming
1724,Jewish values,16,Becoming
1725,I,16,Becoming
1726,my life,16,Becoming
1727,authentic Jewish values,16,Becoming
1728,they,16,Becoming
1729,no idea,16,Becoming
1730,what,16,Becoming
1731,those values,16,Becoming
1732,I,16,Becoming
1733,front,16,Becoming
1734,friends,16,Becoming
1735,family,16,Becoming
1736,who,16,Becoming
1737,we,16,Becoming
1738,a group identity,16,Becoming
1739,we,16,Becoming
1740,an emotion-based progressivist ideology,16,Becoming
1741,I,17,Becoming
1742,these stories,17,Becoming
1743,mine,17,Becoming
1744,I,17,Becoming
1745,Virginia,17,Becoming
1746,North Carolina,17,Becoming
1747,college,17,Becoming
1748,I,17,Becoming
1749,the hood,17,Becoming
1750,the ghetto,17,Becoming
1751,I,17,Becoming
1752,a middle class family,17,Becoming
1753,My parents,17,Becoming
1754,Democrats,17,Becoming
1755,they,17,Becoming
1756,politics,17,Becoming
1757,they,17,Becoming
1758,it,17,Becoming
1759,race,17,Becoming
1760,We,17,Becoming
1761,Obama,17,Becoming
1762,a Brother,17,Becoming
1763,the WhiteHouse,17,Becoming
1764,It,17,Becoming
1765,a big deal,17,Becoming
1766,I,17,Becoming
1767,my life,17,Becoming
1768,I,17,Becoming
1769,I,17,Becoming
1770,Cops,17,Becoming
1771,me,17,Becoming
1772,I,17,Becoming
1773,we,17,Becoming
1774,the drill,17,Becoming
1775,I,17,Becoming
1776,I,17,Becoming
1777,racism,17,Becoming
1778,My friends,17,Becoming
1779,Race,17,Becoming
1780,an issue,17,Becoming
1781,election time,17,Becoming
1782,I,17,Becoming
1783,that White thing,17,Becoming
1784,they,17,Becoming
1785,me,17,Becoming
1786,slavery,17,Becoming
1787,Jim Crow,17,Becoming
1788,racism,17,Becoming
1789,What,17,Becoming
1790,they,17,Becoming
1791,we,17,Becoming
1792,the same neighborhood,17,Becoming
1793,the same nice school,17,Becoming
1794,my story,17,Becoming
1795,me,17,Becoming
1796,my friend,17,Becoming
1797,Rae,17,Becoming
1798,her,17,Becoming
1799,I,17,Becoming
1800,I,17,Becoming
1801,I,17,Becoming
1802,my boyfriend,17,Becoming
1803,who,17,Becoming
1804,people,17,Becoming
1805,me,17,Becoming
1806,I,17,Becoming
1807,something,17,Becoming
1808,a store,17,Becoming
1809,She,17,Becoming
1810,Girl,17,Becoming
1811,they,17,Becoming
1812,you,17,Becoming
1813,you,17,Becoming
1814,She,17,Becoming
1815,me,17,Becoming
1816,I,17,Becoming
1817,every other race,17,Becoming
1818,everybody,17,Becoming
1819,me,17,Becoming
1820,my race,17,Becoming
1821,She,17,Becoming
1822,she,17,Becoming
1823,Cherokee,17,Becoming
1824,White,17,Becoming
1825,I,17,Becoming
1826,the whole identity,17,Becoming
1827,politics B-line,17,Becoming
1828,I,17,Becoming
1829,my attitude,17,Becoming
1830,an amazing thing,17,Becoming
1831,I,17,Becoming
1832,cops,17,Becoming
1833,grief,17,Becoming
1834,I,17,Becoming
1835,I,17,Becoming
1836,a baddass car,17,Becoming
1837,girl,17,Becoming
1838,who,17,Becoming
1839,less attitude,17,Becoming
1840,fewer tickets,17,Becoming
1841,I,17,Becoming
1842,I,17,Becoming
1843,"the ""content",17,Becoming
1844,my character,17,Becoming
1845,Democrats,17,Becoming
1846,I,17,Becoming
1847,Trump,17,Becoming
1848,I,18,NA
1849,people,18,NA
1850,introductions,18,NA
1851,I,18,NA
1852,I,18,NA
1853,My name,18,NA
1854,Rachel,18,NA
1855,I,18,NA
1856,a Russian bot,18,NA
1857,I,18,NA
1858,Russian,18,NA
1859,English,18,NA
1860,programming,18,NA
1861,I,18,NA
1862,math,18,NA
1863,Me,18,NA
1864,my lovely little immigrant family,18,NA
1865,Russian bots,18,NA
1866,who,18,NA
1867,America,18,NA
1868,me,18,NA
1869,my siblings,18,NA
1870,better lives,18,NA
1871,the 2016 election,18,NA
1872,Trump win,18,NA
1873,it,18,NA
1874,we,18,NA
1875,it,18,NA
1876,anything,18,NA
1877,We,18,NA
1878,the legal citizens,18,NA
1879,we,18,NA
1880,trump,18,NA
1881,We,18,NA
1882,our botting abilities,18,NA
1883,legal ways,18,NA
1884,developing software,18,NA
1885,disabled people,18,NA
1886,better and more organized lives,18,NA
1887,contracting companies,18,NA
1888,infrastructure,18,NA
1889,the East Coast,18,NA
1890,God,18,NA
1891,America,18,NA
1892,Greetings,19,Being
1893,everyone,19,Being
1894,Retired USAF,19,Being
1895,"Former poor white trash, musician, grease monkey, wrench-turner",19,Being
1896,Global travel enthusiast,19,Being
1897,devout volunteer,19,Being
1898,child welfare,19,Being
1899,animal rights,19,Being
1900,military veteran causes,19,Being
1901,Not a Russian Bot,19,Being
1902,I,19,Being
1903,a bit,19,Being
1904,it,19,Being
1905,economic issues,19,Being
1906,it,19,Being
1907,social issues,19,Being
1908,Nothing,19,Being
1909,"the lying, manipulative, antisocial, judgemental, and quite frankly ""violent"" organization",19,Being
1910,the Democratic/Liberal party,19,Being
1911,itself,19,Being
1912,I,19,Being
1913,"""full-blown"" Republicanism",19,Being
1914,I,19,Being
1915,what,19,Being
1916,I,19,Being
1917,the blame,19,Being
1918,finger-pointing,19,Being
1919,lies,19,Being
1920,manipulation,19,Being
1921,back-handed guilt-shaming,19,Being
1922,the Liberal agenda,19,Being
1923,I,19,Being
1924,I,19,Being
1925,what,19,Being
1926,I,19,Being
1927,life,19,Being
1928,I,19,Being
1929,the 2016 election,19,Being
1930,what,19,Being
1931,Brandon,19,Being
1932,the video,19,Being
1933,we,19,Being
1934,It,19,Being
1935,too much sense,19,Being
1936,those reasons,19,Being
1937,I,19,Being
1938,to#Walkaway,19,Being
1939,I,20,Becoming
1940,all your stories,20,Becoming
1941,this group,20,Becoming
1942,I,20,Becoming
1943,I,20,Becoming
1944,them,20,Becoming
1945,I,20,Becoming
1946,part,20,Becoming
1947,such a wonderful movement,20,Becoming
1948,I,20,Becoming
1949,the Bernie Bus,20,Becoming
1950,the Trump Train,20,Becoming
1951,all the hateful rhetoric,20,Becoming
1952,the left,20,Becoming
1953,the ones,20,Becoming
1954,who,20,Becoming
1955,tolerance,20,Becoming
1956,you,20,Becoming
1957,they,20,Becoming
1958,We,20,Becoming
1959,violence,20,Becoming
1960,hate,20,Becoming
1961,We,20,Becoming
1962,we,20,Becoming
1963,everyone,20,Becoming
1964,all backgrounds,20,Becoming
1965,the right,20,Becoming
1966,We,20,Becoming
1967,the monsters,20,Becoming
1968,us,20,Becoming
1969,God,20,Becoming
1970,the great #Walkawaycampaign,20,Becoming
1971,a huge thanks,20,Becoming
1972,Brandon Straka,20,Becoming
1973,a stand,20,Becoming
1974,'s,20,Becoming
1975,#NotABot #WalkAway,20,Becoming
1976,Just #WalkAway,21,Becoming
1977,My turn,21,Becoming
1978,this movement,21,Becoming
1979,the insane liberal left,21,Becoming
1980,I,21,Becoming
1981,names,21,Becoming
1982,racist,21,Becoming
1983,bigot,21,Becoming
1984,Russian bot,21,Becoming
1985,You,21,Becoming
1986,the point,21,Becoming
1987,I,21,Becoming
1988,I,21,Becoming
1989,a proud gay American sailor,21,Becoming
1990,our country,21,Becoming
1991,My mother,21,Becoming
1992,a immigrant,21,Becoming
1993,I,21,Becoming
1994,I,21,Becoming
1995,my parents,21,Becoming
1996,democrat,21,Becoming
1997,I,21,Becoming
1998,promises,21,Becoming
1999,free handouts,21,Becoming
2000,It,21,Becoming
2001,a conservative,21,Becoming
2002,I,21,Becoming
2003,the past few years,21,Becoming
2004,the left,21,Becoming
2005,my opinions,21,Becoming
2006,policies,21,Becoming
2007,I,21,Becoming
2008,I,21,Becoming
2009,friends,21,Becoming
2010,my support,21,Becoming
2011,Trump,21,Becoming
2012,this point,21,Becoming
2013,I,21,Becoming
2014,My friends,21,Becoming
2015,the right,21,Becoming
2016,me,21,Becoming
2017,who,21,Becoming
2018,I,21,Becoming
2019,what,21,Becoming
2020,I,21,Becoming
2021,It,21,Becoming
2022,a conversation,21,Becoming
2023,independents,21,Becoming
2024,republicans,21,Becoming
2025,I,21,Becoming
2026,#WalkAway,21,Becoming
2027,I,21,Becoming
2028,I,21,Becoming
2029,you,21,Becoming
2030,this movement,21,Becoming
2031,more people,21,Becoming
2032,testimonials,21,Becoming
2033,The mainstream media,21,Becoming
2034,false narratives,21,Becoming
2035,a while,21,Becoming
2036,it,21,Becoming
2037,mind,21,Becoming
2038,people,21,Becoming
2039,that swamp,21,Becoming
2040,Brandon Straka,21,Becoming
2041,I,21,Becoming
2042,the same beliefs,21,Becoming
2043,I,21,Becoming
2044,the video,21,Becoming
2045,I,21,Becoming
2046,myself,21,Becoming
2047,I,21,Becoming
2048,I,21,Becoming
2049,love,21,Becoming
2050,the movement,21,Becoming
2051,attention,21,Becoming
2052,the liberal meltdown,21,Becoming
2053,lies,21,Becoming
2054,#RedPill,21,Becoming
2055,’s,21,Becoming
2056,this movement,21,Becoming
2057,elections,21,Becoming
2058,share share share,21,Becoming
2059,part,22,Becoming
2060,this group,22,Becoming
2061,I,22,Becoming
2062,this movement,22,Becoming
2063,the beginning,22,Becoming
2064,a New America,22,Becoming
2065,the shackles,22,Becoming
2066,incivility,22,Becoming
2067,hatred,22,Becoming
2068,mongering,22,Becoming
2069,identity politics,22,Becoming
2070,discrimination,22,Becoming
2071,the march,22,Becoming
2072,socialism,22,Becoming
2073,the NWO,22,Becoming
2074,You,22,Becoming
2075,Brandon,22,Becoming
2076,all the Patriots,22,Becoming
2077,a teenager,22,Becoming
2078,I,22,Becoming
2079,hands,22,Becoming
2080,JFK,22,Becoming
2081,the American Embassy,22,Becoming
2082,Rome,22,Becoming
2083,my father,22,Becoming
2084,the Army Attache,22,Becoming
2085,JFK,22,Becoming
2086,my idol,22,Becoming
2087,he,22,Becoming
2088,It,22,Becoming
2089,me,22,Becoming
2090,my core,22,Becoming
2091,Robert Kennedy,22,Becoming
2092,Martin Luther King,22,Becoming
2093,A dark time,22,Becoming
2094,America,22,Becoming
2095,my childhood,22,Becoming
2096,I,22,Becoming
2097,politics,22,Becoming
2098,my younger years,22,Becoming
2099,my life,22,Becoming
2100,care,22,Becoming
2101,others,22,Becoming
2102,a Respiratory Therapist,22,Becoming
2103,age,22,Becoming
2104,I,22,Becoming
2105,love,22,Becoming
2106,a woman,22,Becoming
2107,the closet,22,Becoming
2108,many years,22,Becoming
2109,far right discrimination,22,Becoming
2110,gay rights movement,22,Becoming
2111,my friends,22,Becoming
2112,them,22,Becoming
2113,feminists,22,Becoming
2114,this day,22,Becoming
2115,I,22,Becoming
2116,a degree,22,Becoming
2117,now a VERY closeted Trump supporter,22,Becoming
2118,No fun,22,Becoming
2119,Democrats,22,Becoming
2120,my adult life,22,Becoming
2121,Hillary,22,Becoming
2122,the 2008 primary,22,Becoming
2123,Obama,22,Becoming
2124,My #walkaway moment,22,Becoming
2125,I,22,Becoming
2126,Obama,22,Becoming
2127,he,22,Becoming
2128,he,22,Becoming
2129,$167 B,22,Becoming
2130,Medicare Advantage,22,Becoming
2131,Obamacare,22,Becoming
2132,I,22,Becoming
2133,my senior clients,22,Becoming
2134,A gay friend,22,Becoming
2135,me,22,Becoming
2136,me,22,Becoming
2137,I,22,Becoming
2138,my entire career,22,Becoming
2139,care,22,Becoming
2140,patients,22,Becoming
2141,all stripes,22,Becoming
2142,you,22,Becoming
2143,me,22,Becoming
2144,Obama,22,Becoming
2145,his term,22,Becoming
2146,lofty oration,22,Becoming
2147,I,22,Becoming
2148,our country,22,Becoming
2149,a path,22,Becoming
2150,3rd world status,22,Becoming
2151,the borrowed money,22,Becoming
2152,China,22,Becoming
2153,our debt,22,Becoming
2154,I,22,Becoming
2155,Obamacare,22,Becoming
2156,the halls,22,Becoming
2157,Congress,22,Becoming
2158,a 3 page letter,22,Becoming
2159,the ACA bill,22,Becoming
2160,a Tea Party rally,22,Becoming
2161,DC,22,Becoming
2162,It,22,Becoming
2163,police,22,Becoming
2164,streets,22,Becoming
2165,MSM,22,Becoming
2166,me,22,Becoming
2167,I,22,Becoming
2168,it,22,Becoming
2169,Our country,22,Becoming
2170,piece,22,Becoming
2171,Fast,22,Becoming
2172,Furious,22,Becoming
2173,Iran,22,Becoming
2174,our backs,22,Becoming
2175,Crimea,22,Becoming
2176,I,22,Becoming
2177,the housing bubble burst,22,Becoming
2178,the idea,22,Becoming
2179,everyone,22,Becoming
2180,a home,22,Becoming
2181,the Communty Reinvestment Act,22,Becoming
2182,Carter,22,Becoming
2183,changes,22,Becoming
2184,Clinton,22,Becoming
2185,the Bush years,22,Becoming
2186,you,22,Becoming
2187,bad credit,22,Becoming
2188,you,22,Becoming
2189,a loan,22,Becoming
2190,Banks,22,Becoming
2191,subprime loans,22,Becoming
2192,Greed,22,Becoming
2193,Wall Street,22,Becoming
2194,these loans,22,Becoming
2195,the whole thing,22,Becoming
2196,It,22,Becoming
2197,the politicians,22,Becoming
2198,both sides,22,Becoming
2199,it,22,Becoming
2200,nothing,22,Becoming
2201,it,22,Becoming
2202,the banks,22,Becoming
2203,our expense,22,Becoming
2204,What,22,Becoming
2205,a government,22,Becoming
2206,Time,22,Becoming
2207,the escalator,22,Becoming
2208,Trump,22,Becoming
2209,the campaign,22,Becoming
2210,he,22,Becoming
2211,some common sense ideas,22,Becoming
2212,our problems,22,Becoming
2213,our jobs,22,Becoming
2214,MSM,22,Becoming
2215,him,22,Becoming
2216,I,22,Becoming
2217,CNN,22,Becoming
2218,FOX,22,Becoming
2219,I,22,Becoming
2220,Rubio,22,Becoming
2221,Trump,22,Becoming
2222,a chance,22,Becoming
2223,election day,22,Becoming
2224,I,22,Becoming
2225,he,22,Becoming
2226,all the negative press,22,Becoming
2227,I,22,Becoming
2228,I,22,Becoming
2229,my gay friends,22,Becoming
2230,we,22,Becoming
2231,what,22,Becoming
2232,Trump,22,Becoming
2233,regard,22,Becoming
2234,our economy,22,Becoming
2235,his short term,22,Becoming
2236,office,22,Becoming
2237,the constant MSM bashing,22,Becoming
2238,I,22,Becoming
2239,what,22,Becoming
2240,he,22,Becoming
2241,us,22,Becoming
2242,us,22,Becoming
2243,He,22,Becoming
2244,our country,22,Becoming
2245,I,22,Becoming
2246,He,22,Becoming
2247,his cushy NY condo,22,Becoming
2248,the WH,22,Becoming
2249,He,22,Becoming
2250,golf,22,Becoming
2251,he,22,Becoming
2252,the ship,22,Becoming
2253,our Nation,22,Becoming
2254,it's economic viability,22,Becoming
2255,the Deep State,22,Becoming
2256,D,22,Becoming
2257,R,22,Becoming
2258,it's own interests,22,Becoming
2259,the expense,22,Becoming
2260,the citizenry,22,Becoming
2261,He,22,Becoming
2262,our Constitution,22,Becoming
2263,he,22,Becoming
2264,us,22,Becoming
2265,his constant tweets,22,Becoming
2266,them,22,Becoming
2267,it,22,Becoming
2268,the best way,22,Becoming
2269,him,22,Becoming
2270,us,22,Becoming
2271,the day,22,Becoming
2272,the NK agreement,22,Becoming
2273,I,22,Becoming
2274,FB,22,Becoming
2275,it,22,Becoming
2276,a good day,22,Becoming
2277,the prospect,22,Becoming
2278,peace,22,Becoming
2279,the process,22,Becoming
2280,I,22,Becoming
2281,this barrage,22,Becoming
2282,Trump hating responses,22,Becoming
2283,the post,22,Becoming
2284,an Awakening process,22,Becoming
2285,Trump,22,Becoming
2286,the leader,22,Becoming
2287,the #GreatAwakening,22,Becoming
2288,a failed immigration policy,22,Becoming
2289,human trafficking,22,Becoming
2290,pedo rings,22,Becoming
2291,MS13,22,Becoming
2292,drug addiction,22,Becoming
2293,unbalanced trade,22,Becoming
2294,biased media,22,Becoming
2295,depleted military assets,22,Becoming
2296,horrendous treatment,22,Becoming
2297,our veterans,22,Becoming
2298,Trump,22,Becoming
2299,a HUGE flashlight,22,Becoming
2300,all the dark corners,22,Becoming
2301,World politics,22,Becoming
2302,The rats,22,Becoming
2303,him,22,Becoming
2304,He,22,Becoming
2305,the beginning,22,Becoming
2306,a New America,22,Becoming
2307,"40,000 sealed indictments",22,Becoming
2308,Trump,22,Becoming
2309,Brandon,22,Becoming
2310,Patriots,22,Becoming
2311,#WWG1WGA,22,Becoming
2312,We,22,Becoming
2313,We,22,Becoming
2314,I,23,Becoming
2315,my story,23,Becoming
2316,the perspective,23,Becoming
2317,My generation,23,Becoming
2318,an incredible disdain,23,Becoming
2319,the government,23,Becoming
2320,the systems,23,Becoming
2321,place,23,Becoming
2322,society,23,Becoming
2323,I,23,Becoming
2324,high school,23,Becoming
2325,we,23,Becoming
2326,America,23,Becoming
2327,We,23,Becoming
2328,our public school system,23,Becoming
2329,our teachers,23,Becoming
2330,the failed concept,23,Becoming
2331,marriage,23,Becoming
2332,what,23,Becoming
2333,it,23,Becoming
2334,a family,23,Becoming
2335,we,23,Becoming
2336,it,23,Becoming
2337,it,23,Becoming
2338,who,23,Becoming
2339,we,23,Becoming
2340,We,23,Becoming
2341,we,23,Becoming
2342,the influx,23,Becoming
2343,fear,23,Becoming
2344,airport security,23,Becoming
2345,a growing prejudice,23,Becoming
2346,Muslims,23,Becoming
2347,Hispanics,23,Becoming
2348,the daily news,23,Becoming
2349,the way,23,Becoming
2350,our parents,23,Becoming
2351,it,23,Becoming
2352,the growing fear,23,Becoming
2353,the destruction,23,Becoming
2354,our ecosystem,23,Becoming
2355,we,23,Becoming
2356,solace,23,Becoming
2357,rebellion,23,Becoming
2358,finger painting,23,Becoming
2359,our hippie friends,23,Becoming
2360,Rage,23,Becoming
2361,the Machine,23,Becoming
2362,We,23,Becoming
2363,a zombie apocalypse,23,Becoming
2364,we,23,Becoming
2365,this world,23,Becoming
2366,the rest,23,Becoming
2367,our lives,23,Becoming
2368,Obama,23,Becoming
2369,he,23,Becoming
2370,our political rock star,23,Becoming
2371,His campaign,23,Becoming
2372,HOPE,23,Becoming
2373,he,23,Becoming
2374,us,23,Becoming
2375,something,23,Becoming
2376,he,23,Becoming
2377,I,23,Becoming
2378,his inability,23,Becoming
2379,a hard lesson,23,Becoming
2380,I,23,Becoming
2381,him,23,Becoming
2382,the symbolic hope,23,Becoming
2383,we,23,Becoming
2384,we,23,Becoming
2385,Donald Trump,23,Becoming
2386,we,23,Becoming
2387,our minds,23,Becoming
2388,We,23,Becoming
2389,we,23,Becoming
2390,this egotistical blubbering buffoon,23,Becoming
2391,television,23,Becoming
2392,you,23,Becoming
2393,He,23,Becoming
2394,himself,23,Becoming
2395,we,23,Becoming
2396,everyone,23,Becoming
2397,fear,23,Becoming
2398,the safety,23,Becoming
2399,humanity,23,Becoming
2400,the power,23,Becoming
2401,love,23,Becoming
2402,the presidential campaign,23,Becoming
2403,our entire nation,23,Becoming
2404,fed fear,23,Becoming
2405,hate,23,Becoming
2406,disgust,23,Becoming
2407,a complete intolerance,23,Becoming
2408,consideration,23,Becoming
2409,what,23,Becoming
2410,Trump,23,Becoming
2411,this country,23,Becoming
2412,an unspeakable act,23,Becoming
2413,ignorance,23,Becoming
2414,racism,23,Becoming
2415,I,23,Becoming
2416,the next Liberal millennial,23,Becoming
2417,North Korea,23,Becoming
2418,the child separations,23,Becoming
2419,the border,23,Becoming
2420,I,23,Becoming
2421,the blatant ignorance,23,Becoming
2422,lack,23,Becoming
2423,education,23,Becoming
2424,our hateful intolerance,23,Becoming
2425,the ''evils,23,Becoming
2426,the world,23,Becoming
2427,me,23,Becoming
2428,I,23,Becoming
2429,hours,23,Becoming
2430,research,23,Becoming
2431,what,23,Becoming
2432,I,23,Becoming
2433,Trump,23,Becoming
2434,the best president,23,Becoming
2435,we,23,Becoming
2436,we,23,Becoming
2437,my ''political tribe,23,Becoming
2438,hatred,23,Becoming
2439,a higher regard,23,Becoming
2440,critical thinking,23,Becoming
2441,problem,23,Becoming
2442,this change,23,Becoming
2443,my worldview,23,Becoming
2444,I,23,Becoming
2445,what,23,Becoming
2446,other Trump supporters,23,Becoming
2447,My friends,23,Becoming
2448,family,23,Becoming
2449,the details,23,Becoming
2450,my mother,23,Becoming
2451,tears,23,Becoming
2452,we,23,Becoming
2453,the children,23,Becoming
2454,the border,23,Becoming
2455,it,23,Becoming
2456,my heart,23,Becoming
2457,her,23,Becoming
2458,a poor understanding,23,Becoming
2459,the complexities,23,Becoming
2460,things,23,Becoming
2461,I,23,Becoming
2462,anyone,23,Becoming
2463,my political views,23,Becoming
2464,fear,23,Becoming
2465,I,23,Becoming
2466,the mental energy,23,Becoming
2467,people,23,Becoming
2468,solutions,23,Becoming
2469,their own right,23,Becoming
2470,their selves,23,Becoming
2471,I,23,Becoming
2472,a college student,23,Becoming
2473,the angry hippie crowd,23,Becoming
2474,my past,23,Becoming
2475,I,23,Becoming
2476,psychology,23,Becoming
2477,sociology,23,Becoming
2478,I,23,Becoming
2479,the barrier,23,Becoming
2480,other misfits,23,Becoming
2481,myself,23,Becoming
2482,curiosity,23,Becoming
2483,education,23,Becoming
2484,you,23,Becoming
2485,a path,23,Becoming
2486,everything,23,Becoming
2487,you,23,Becoming
2488,you,23,Becoming
2489,a part,23,Becoming
2490,I,23,Becoming
2491,a time,23,Becoming
2492,we,23,Becoming
2493,a president,23,Becoming
2494,the foundations,23,Becoming
2495,a society,23,Becoming
2496,my dreams,23,Becoming
2497,others,23,Becoming
2498,Obama,23,Becoming
2499,me,23,Becoming
2500,hope,23,Becoming
2501,Trump,23,Becoming
2502,me,23,Becoming
2503,the reassurance,23,Becoming
2504,my personal endeavors,23,Becoming
2505,the resources,23,Becoming
2506,the ones,23,Becoming
2507,this mess,23,Becoming
2508,You,23,Becoming
2509,the light,23,Becoming
2510,places,23,Becoming
2511,you,23,Becoming
2512,it,23,Becoming
2513,right'' - The Grateful Dead,23,Becoming
2514,I,24,Becoming
2515,an artist,24,Becoming
2516,musician,24,Becoming
2517,Orlando,24,Becoming
2518,who,24,Becoming
2519,other liberals,24,Becoming
2520,my social circles,24,Becoming
2521,the propaganda,24,Becoming
2522,a thought,24,Becoming
2523,republicans,24,Becoming
2524,big business,24,Becoming
2525,they,24,Becoming
2526,an ignorant prejudice,24,Becoming
2527,anyone,24,Becoming
2528,anything,24,Becoming
2529,anybody,24,Becoming
2530,status quo,24,Becoming
2531,Gore,24,Becoming
2532,Kerry,24,Becoming
2533,Obama,24,Becoming
2534,The second term,24,Becoming
2535,Obama,24,Becoming
2536,I,24,Becoming
2537,the media,24,Becoming
2538,certain things,24,Becoming
2539,straight out lie,24,Becoming
2540,others,24,Becoming
2541,the first red flag,24,Becoming
2542,the Democratic Party,24,Becoming
2543,me,24,Becoming
2544,them,24,Becoming
2545,two evils,24,Becoming
2546,the whole social justice/identity politics stuff,24,Becoming
2547,I,24,Becoming
2548,outlandish and hateful all-or-nothing concepts,24,Becoming
2549,spiteful rhetoric,24,Becoming
2550,extreme divisiveness,24,Becoming
2551,free speech,24,Becoming
2552,Just everyone,24,Becoming
2553,themselves,24,Becoming
2554,these terrible little compartments,24,Becoming
2555,their entire experience,24,Becoming
2556,life,24,Becoming
2557,course,24,Becoming
2558,purity spiral,24,Becoming
2559,fighting,24,Becoming
2560,None,24,Becoming
2561,anyone,24,Becoming
2562,I,24,Becoming
2563,the party line,24,Becoming
2564,pretty KEY issues,24,Becoming
2565,I,24,Becoming
2566,People,24,Becoming
2567,globalization,24,Becoming
2568,TPP,24,Becoming
2569,NAFTA,24,Becoming
2570,Monsanto,24,Becoming
2571,those extreme SJW ideas,24,Becoming
2572,their way,24,Becoming
2573,the DNC,24,Becoming
2574,the idea,24,Becoming
2575,not all speech,24,Becoming
2576,the elections,24,Becoming
2577,I,24,Becoming
2578,I,24,Becoming
2579,Pulse,24,Becoming
2580,Orlando,24,Becoming
2581,the downtown,24,Becoming
2582,I,24,Becoming
2583,I,24,Becoming
2584,I,24,Becoming
2585,friends,24,Becoming
2586,who,24,Becoming
2587,It,24,Becoming
2588,20 miles,24,Becoming
2589,the house,24,Becoming
2590,I,24,Becoming
2591,home,24,Becoming
2592,me,24,Becoming
2593,I,24,Becoming
2594,people,24,Becoming
2595,only the same exact msm/liberal response,24,Becoming
2596,the public,24,Becoming
2597,I,24,Becoming
2598,a Trump supporter,24,Becoming
2599,course,24,Becoming
2600,my friends,24,Becoming
2601,online friends,24,Becoming
2602,music/art networking friends,24,Becoming
2603,all friends,24,Becoming
2604,I,24,Becoming
2605,real life,24,Becoming
2606,20+ years,24,Becoming
2607,me,24,Becoming
2608,the obligatory names,24,Becoming
2609,People,24,Becoming
2610,the word,24,Becoming
2611,I,24,Becoming
2612,a “nazi,24,Becoming
2613,many collaborators,24,Becoming
2614,people,24,Becoming
2615,I,24,Becoming
2616,networking,24,Becoming
2617,me,24,Becoming
2618,Things,24,Becoming
2619,I,24,Becoming
2620,the violence,24,Becoming
2621,Antifa,24,Becoming
2622,Thanks,24,Becoming
2623,#WalkAway,24,Becoming
2624,It,24,Becoming
2625,a very isolating and difficult period,24,Becoming
2626,me,24,Becoming
2627,the past few years,24,Becoming
2628,it,24,Becoming
2629,so many different kinds,24,Becoming
2630,people,24,Becoming
2631,the US,24,Becoming
2632,it,24,Becoming
2633,me,24,Becoming
2634,we,24,Becoming
2635,It,24,Becoming
2636,I,25,Becoming
2637,a gay man,25,Becoming
2638,the East Coast,25,Becoming
2639,a Democratic family,25,Becoming
2640,fact,25,Becoming
2641,my dad,25,Becoming
2642,president,25,Becoming
2643,the West Side Democratic Club,25,Becoming
2644,I,25,Becoming
2645,another liberal mecca,25,Becoming
2646,San Francisco,25,Becoming
2647,an Army veteran,25,Becoming
2648,I,25,Becoming
2649,Obama,25,Becoming
2650,him,25,Becoming
2651,the film,25,Becoming
2652,AMERICA,25,Becoming
2653,I,25,Becoming
2654,the theatre,25,Becoming
2655,It,25,Becoming
2656,the dubious history,25,Becoming
2657,the Democratic Party,25,Becoming
2658,I,25,Becoming
2659,no idea,25,Becoming
2660,DEATH,25,Becoming
2661,A NATION,25,Becoming
2662,D'Sousa,25,Becoming
2663,Clinton's criminal acts,25,Becoming
2664,I,25,Becoming
2665,myself,25,Becoming
2666,it,25,Becoming
2667,all the VIOLENCE,25,Becoming
2668,HATRED,25,Becoming
2669,the Left,25,Becoming
2670,the presidental election,25,Becoming
2671,me,25,Becoming
2672,the edge,25,Becoming
2673,I,25,Becoming
2674,this kind,25,Becoming
2675,behavior,25,Becoming
2676,New York,25,Becoming
2677,I,25,Becoming
2678,Trump's lingo,25,Becoming
2679,precisely his unfiltered street talk,25,Becoming
2680,him,25,Becoming
2681,middle America,25,Becoming
2682,People,25,Becoming
2683,him,25,Becoming
2684,he,25,Becoming
2685,the average blue collar worker,25,Becoming
2686,movie stars,25,Becoming
2687,singers,25,Becoming
2688,the elites,25,Becoming
2689,both coasts,25,Becoming
2690,Hillary,25,Becoming
2691,She,25,Becoming
2692,no problem,25,Becoming
2693,huge sums,25,Becoming
2694,money,25,Becoming
2695,Arabic countries,25,Becoming
2696,gays,25,Becoming
2697,women,25,Becoming
2698,she,25,Becoming
2699,no respect,25,Becoming
2700,herself,25,Becoming
2701,a gay man,25,Becoming
2702,we,25,Becoming
2703,we,25,Becoming
2704,Democrat,25,Becoming
2705,Black Americans,25,Becoming
2706,Hispanics,25,Becoming
2707,you,25,Becoming
2708,yourself,25,Becoming
2709,it,25,Becoming
2710,you,25,Becoming
2711,a Republican,25,Becoming
2712,The reason,25,Becoming
2713,Democrats,25,Becoming
2714,open borders,25,Becoming
2715,illegal immigrants,25,Becoming
2716,those people,25,Becoming
2717,them,25,Becoming
2718,it,25,Becoming
2719,political gain,25,Becoming
2720,greed,25,Becoming
2721,I,25,Becoming
2722,a quote,25,Becoming
2723,Winston Churchill,25,Becoming
2724,The fascists,25,Becoming
2725,the future,25,Becoming
2726,themselves,25,Becoming
2727,President Reagan,25,Becoming
2728,fascism,25,Becoming
2729,America,25,Becoming
2730,it,25,Becoming
2731,the name.of Liberalism,25,Becoming
2732,Hi folks,26,Becoming
2733,My name,26,Becoming
2734,Danny,26,Becoming
2735,I,26,Becoming
2736,a proud patriotic American,26,Becoming
2737,I,26,Becoming
2738,this group,26,Becoming
2739,the bravery,26,Becoming
2740,great movement,26,Becoming
2741,Brandon,26,Becoming
2742,I,26,Becoming
2743,I,26,Becoming
2744,the democratic party,26,Becoming
2745,the public,26,Becoming
2746,minorities,26,Becoming
2747,myself,26,Becoming
2748,my husband,26,Becoming
2749,I,26,Becoming
2750,the entertainment business,26,Becoming
2751,you,26,Becoming
2752,my views,26,Becoming
2753,beliefs,26,Becoming
2754,I,26,Becoming
2755,a non democrat,26,Becoming
2756,my so-called friends,26,Becoming
2757,me,26,Becoming
2758,me,26,Becoming
2759,social media,26,Becoming
2760,the theater community,26,Becoming
2761,me,26,Becoming
2762,any shows,26,Becoming
2763,People,26,Becoming
2764,it,26,Becoming
2765,any auditions,26,Becoming
2766,acting jobs,26,Becoming
2767,I,26,Becoming
2768,a DJ,26,Becoming
2769,clubs,26,Becoming
2770,No one,26,Becoming
2771,I,26,Becoming
2772,creative inspiration,26,Becoming
2773,my own music,26,Becoming
2774,a new audience,26,Becoming
2775,i,26,Becoming
2776,the artist,26,Becoming
2777,i,26,Becoming
2778,the last two years,26,Becoming
2779,I,26,Becoming
2780,the kind,26,Becoming
2781,hatred,26,Becoming
2782,feelings,26,Becoming
2783,exclusion,26,Becoming
2784,i,26,Becoming
2785,the days,26,Becoming
2786,high school,26,Becoming
2787,I,26,Becoming
2788,gays,26,Becoming
2789,minorities,26,Becoming
2790,democrats,26,Becoming
2791,the republicans,26,Becoming
2792,us,26,Becoming
2793,I,26,Becoming
2794,a long long time,26,Becoming
2795,the positive side,26,Becoming
2796,i,26,Becoming
2797,a conservative independent,26,Becoming
2798,the people,26,Becoming
2799,the right,26,Becoming
2800,independents,26,Becoming
2801,nothing,26,Becoming
2802,understanding,26,Becoming
2803,My husband,26,Becoming
2804,a republication,26,Becoming
2805,I,26,Becoming
2806,the democratic party,26,Becoming
2807,he,26,Becoming
2808,me,26,Becoming
2809,a republican,26,Becoming
2810,He,26,Becoming
2811,i,26,Becoming
2812,you,26,Becoming
2813,the democratic party,26,Becoming
2814,the actual people,26,Becoming
2815,who,26,Becoming
2816,this country,26,Becoming
2817,I,26,Becoming
2818,him,26,Becoming
2819,I,26,Becoming
2820,Brandon,26,Becoming
2821,an aspiring actor,26,Becoming
2822,i,26,Becoming
2823,him,26,Becoming
2824,Hollywood,26,Becoming
2825,the entertainment industry,26,Becoming
2826,very bias,26,Becoming
2827,politics,26,Becoming
2828,I,26,Becoming
2829,him,26,Becoming
2830,luck,26,Becoming
2831,he,26,Becoming
2832,BS,26,Becoming
2833,I,26,Becoming
2834,a Russian robot,26,Becoming
2835,a scared little snowflake,26,Becoming
2836,Just a proud gay patriotic American,26,Becoming
2837,some people,26,Becoming
2838,me,26,Becoming
2839,i,26,Becoming
2840,you guys,26,Becoming
2841,Danny Diess Portland,26,Becoming
2842,Oregon,26,Becoming
2843,I,27,Becoming
2844,an immigrant,27,Becoming
2845,The Dominican Republic,27,Becoming
2846,I,27,Becoming
2847,an Enrolled Agent Tax Professional,27,Becoming
2848,the field,27,Becoming
2849,tax preparation,27,Becoming
2850,audit representation,27,Becoming
2851,I,27,Becoming
2852,Democrat,27,Becoming
2853,small business owner,27,Becoming
2854,I,27,Becoming
2855,me,27,Becoming
2856,President Trump,27,Becoming
2857,office,27,Becoming
2858,I,27,Becoming
2859,him,27,Becoming
2860,him,27,Becoming
2861,it,27,Becoming
2862,secrecy,27,Becoming
2863,I,27,Becoming
2864,my liberal clients,27,Becoming
2865,friends,27,Becoming
2866,family,27,Becoming
2867,my relationships,27,Becoming
2868,my business,27,Becoming
2869,the election,27,Becoming
2870,I,27,Becoming
2871,several clients,27,Becoming
2872,who,27,Becoming
2873,the process,27,Becoming
2874,naturalized citizens,27,Becoming
2875,other immigration procedures,27,Becoming
2876,who,27,Becoming
2877,taxes,27,Becoming
2878,good people,27,Becoming
2879,the perfect example,27,Becoming
2880,the kind,27,Becoming
2881,Immigrants,27,Becoming
2882,this nation,27,Becoming
2883,they,27,Becoming
2884,the news,27,Becoming
2885,fake media,27,Becoming
2886,invented panic,27,Becoming
2887,I,27,Becoming
2888,my clients,27,Becoming
2889,this administration,27,Becoming
2890,they,27,Becoming
2891,any other administration,27,Becoming
2892,the Democratic party,27,Becoming
2893,them,27,Becoming
2894,everyone,27,Becoming
2895,Trump,27,Becoming
2896,a chance,27,Becoming
2897,what,27,Becoming
2898,they,27,Becoming
2899,taxes,27,Becoming
2900,role model citizens,27,Becoming
2901,The pure fear,27,Becoming
2902,panic,27,Becoming
2903,the left,27,Becoming
2904,the effect,27,Becoming
2905,these people,27,Becoming
2906,It,27,Becoming
2907,we,27,Becoming
2908,a mature conversation,27,Becoming
2909,a liberal,27,Becoming
2910,it,27,Becoming
2911,their way,27,Becoming
2912,nothing,27,Becoming
2913,I,27,Becoming
2914,the media,27,Becoming
2915,the celebrities,27,Becoming
2916,who,27,Becoming
2917,the bubble,27,Becoming
2918,who,27,Becoming
2919,us,27,Becoming
2920,their nonsense,27,Becoming
2921,I,27,Becoming
2922,the corrupt politicians,27,Becoming
2923,who,27,Becoming
2924,the same kind,27,Becoming
2925,rhetoric,27,Becoming
2926,Latin American countries,27,Becoming
2927,They,27,Becoming
2928,me,27,Becoming
2929,Only smart Latinos,27,Becoming
2930,it,27,Becoming
2931,what,27,Becoming
2932,we,27,Becoming
2933,", shady corruption",27,Becoming
2934,what,27,Becoming
2935,security,27,Becoming
2936,our countries,27,Becoming
2937,Latin America.#WALKAWAY #SICKANDTIRED #LOVEAMERICA,27,Becoming
2938,Legal immigrant,28,Being
2939,Romania,28,Being
2940,Citizen,28,Being
2941,my way,28,Being
2942,college,28,Being
2943,a police officer,28,Being
2944,my way,28,Being
2945,the blessings,28,Being
2946,I,28,Being
2947,any handouts,28,Being
2948,No such thing,28,Being
2949,white privilege,28,Being
2950,I,28,Being
2951,democrat,28,Being
2952,I,28,Being
2953,politics,28,Being
2954,My #walkaway moment,28,Being
2955,Obama admin,28,Being
2956,hate,28,Being
2957,law enforcement,28,Being
2958,rise,28,Being
2959,corruption,28,Being
2960,the Democratic Party,28,Being
2961,They,28,Being
2962,me,28,Being
2963,the communist party,28,Being
2964,Romania,28,Being
2965,The democrats,28,Being
2966,the freedom,28,Being
2967,future,28,Being
2968,this country,28,Being
2969,We,28,Being
2970,them,28,Being
2971,what,28,Being
2972,they,28,Being
2973,They,28,Being
2974,demoralized law enforcement,28,Being
2975,criminals,28,Being
2976,They,28,Being
2977,crime,28,Being
2978,some places,28,Being
2979,me,28,Being
2980,I,28,Being
2981,God,28,Being
2982,this great nation,28,Being
2983,this movement,28,Being
2984,I,29,Becoming
2985,the evolution,29,Becoming
2986,my transformation,29,Becoming
2987,a small snip,29,Becoming
2988,it,29,Becoming
2989,information,29,Becoming
2990,My journey,29,Becoming
2991,I,29,Becoming
2992,an Apache/Mexican citizen,29,Becoming
2993,this beautiful country,29,Becoming
2994,The youngest child,29,Becoming
2995,a single father,29,Becoming
2996,I,29,Becoming
2997,a backbone,29,Becoming
2998,a wishbone,29,Becoming
2999,I,29,Becoming
3000,politics,29,Becoming
3001,a very early age,29,Becoming
3002,I,29,Becoming
3003,an oddity,29,Becoming
3004,I,29,Becoming
3005,The Iran-Contra hearings,29,Becoming
3006,a living,29,Becoming
3007,breathing,29,Becoming
3008,daughter,29,Becoming
3009,a minority father,29,Becoming
3010,I,29,Becoming
3011,the left,29,Becoming
3012,Bill Clinton,29,Becoming
3013,I,29,Becoming
3014,I,29,Becoming
3015,my college education,29,Becoming
3016,political science,29,Becoming
3017,I,29,Becoming
3018,only ONE right answer,29,Becoming
3019,any question,29,Becoming
3020,no valuable differing opinion,29,Becoming
3021,only one truth,29,Becoming
3022,a person's individuality,29,Becoming
3023,beliefs,29,Becoming
3024,they,29,Becoming
3025,they,29,Becoming
3026,Period,29,Becoming
3027,I #walkaway-ed,29,Becoming
3028,my own belief system,29,Becoming
3029,so many more differing belief systems,29,Becoming
3030,I,29,Becoming
3031,so much hostility,29,Becoming
3032,Everything,29,Becoming
3033,a head,29,Becoming
3034,me,29,Becoming
3035,I,29,Becoming
3036,people,29,Becoming
3037,such assumptions,29,Becoming
3038,an Apache and Mexican female,29,Becoming
3039,I,29,Becoming
3040,it,29,Becoming
3041,I,29,Becoming
3042,my non-existent husband,29,Becoming
3043,my beliefs,29,Becoming
3044,me,29,Becoming
3045,I,29,Becoming
3046,I,29,Becoming
3047,"a ""real"" Mexican",29,Becoming
3048,I,29,Becoming
3049,a race traitor,29,Becoming
3050,I,29,Becoming
3051,a Nazi,29,Becoming
3052,I,29,Becoming
3053,Heaven,29,Becoming
3054,me,29,Becoming
3055,I,29,Becoming
3056,Christian,29,Becoming
3057,Pun,29,Becoming
3058,the beautiful passionate blood,29,Becoming
3059,my veins,29,Becoming
3060,I,29,Becoming
3061,I,29,Becoming
3062,It,29,Becoming
3063,the very nature,29,Becoming
3064,my fiery blood,29,Becoming
3065,me,29,Becoming
3066,no one,29,Becoming
3067,no politician,29,Becoming
3068,no group,29,Becoming
3069,what,29,Becoming
3070,I,29,Becoming
3071,what,29,Becoming
3072,me,29,Becoming
3073,ME,29,Becoming
3074,It,29,Becoming
3075,my very blood,29,Becoming
3076,me,29,Becoming
3077,judge,29,Becoming
3078,myself,29,Becoming
3079,my country,29,Becoming
3080,I,29,Becoming
3081,anyone,29,Becoming
3082,the end,29,Becoming
3083,disservice,29,Becoming
3084,it,29,Becoming
3085,them,29,Becoming
3086,fact,29,Becoming
3087,I,29,Becoming
3088,I,29,Becoming
3089,I,29,Becoming
3090,this race,29,Becoming
3091,I,29,Becoming
3092,I,30,NA
3093,tears,30,NA
3094,this group,30,NA
3095,my life,30,NA
3096,one day,30,NA
3097,I,30,NA
3098,a moment,30,NA
3099,I,30,NA
3100,depression,30,NA
3101,anxiety,30,NA
3102,I,30,NA
3103,a dark place,30,NA
3104,this amazing group,30,NA
3105,I,30,NA
3106,a big smile,30,NA
3107,my face,30,NA
3108,I,30,NA
3109,you,30,NA
3110,guys,30,NA
3111,My personal FB page,30,NA
3112,the liberals,30,NA
3113,me,30,NA
3114,I,30,NA
3115,They,30,NA
3116,nothing,30,NA
3117,me,30,NA
3118,This group,30,NA
3119,the best group,30,NA
3120,FB,30,NA
3121,you,30,NA
3122,Brandon,30,NA
3123,this amazing campaign,30,NA
3124,I,30,NA
3125,you,30,NA
3126,I,30,NA
3127,I,30,NA
3128,My Walk,30,NA
3129,Fam Bam,30,NA
3130,I,31,Becoming
3131,a democrat,31,Becoming
3132,I,31,Becoming
3133,one time,31,Becoming
3134,my adolescent years,31,Becoming
3135,I,31,Becoming
3136,myself,31,Becoming
3137,I,31,Becoming
3138,I,31,Becoming
3139,I,31,Becoming
3140,I,31,Becoming
3141,Portland Oregon,31,Becoming
3142,it,31,Becoming
3143,liberal land,31,Becoming
3144,the last few years,31,Becoming
3145,I,31,Becoming
3146,the liberal city,31,Becoming
3147,total alt leftists,31,Becoming
3148,It,31,Becoming
3149,the city,31,Becoming
3150,The liberals,31,Becoming
3151,laws,31,Becoming
3152,the increasing homeless population,31,Becoming
3153,a huge heroine epidemic,31,Becoming
3154,What,31,Becoming
3155,a beautiful city,31,Becoming
3156,trash,31,Becoming
3157,needles,31,Becoming
3158,views,31,Becoming
3159,people,31,Becoming
3160,shits,31,Becoming
3161,the side,31,Becoming
3162,the road,31,Becoming
3163,broad daylight,31,Becoming
3164,I,31,Becoming
3165,the loose law liberal judges,31,Becoming
3166,children,31,Becoming
3167,incompetent mothers,31,Becoming
3168,who,31,Becoming
3169,the law,31,Becoming
3170,their lives,31,Becoming
3171,turn,31,Becoming
3172,they,31,Becoming
3173,We,31,Becoming
3174,our freeways,31,Becoming
3175,protestors,31,Becoming
3176,My cousin,31,Becoming
3177,who,31,Becoming
3178,downtown,31,Becoming
3179,work,31,Becoming
3180,times,31,Becoming
3181,money,31,Becoming
3182,protests,31,Becoming
3183,The protestors,31,Becoming
3184,businesses,31,Becoming
3185,I,31,Becoming
3186,the kids,31,Becoming
3187,I,31,Becoming
3188,zero accountability,31,Becoming
3189,themselves,31,Becoming
3190,Rich kids,31,Becoming
3191,who,31,Becoming
3192,the world,31,Becoming
3193,them,31,Becoming
3194,the worlds indecencies,31,Becoming
3195,their high horses,31,Becoming
3196,anything,31,Becoming
3197,a difference,31,Becoming
3198,them,31,Becoming
3199,their parents,31,Becoming
3200,Portland,31,Becoming
3201,a city,31,Becoming
3202,a very deep racist history,31,Becoming
3203,I,31,Becoming
3204,life,31,Becoming
3205,It,31,Becoming
3206,no surprise,31,Becoming
3207,me,31,Becoming
3208,they,31,Becoming
3209,a result,31,Becoming
3210,the deep rooted racist history,31,Becoming
3211,the Democratic Party,31,Becoming
3212,they,31,Becoming
3213,promises,31,Becoming
3214,minorities,31,Becoming
3215,them,31,Becoming
3216,victims,31,Becoming
3217,them,31,Becoming
3218,them,31,Becoming
3219,My husband,31,Becoming
3220,I,31,Becoming
3221,this ideology,31,Becoming
3222,the many reasons,31,Becoming
3223,we,31,Becoming
3224,the state,31,Becoming
3225,Arizona,31,Becoming
3226,My husband,31,Becoming
3227,I,31,Becoming
3228,members,31,Becoming
3229,our families,31,Becoming
3230,who,31,Becoming
3231,a victim mentality,31,Becoming
3232,We,31,Becoming
3233,a strong work ethic,31,Becoming
3234,it,31,Becoming
3235,victims,31,Becoming
3236,ourselves,31,Becoming
3237,our spoiled friends,31,Becoming
3238,who,31,Becoming
3239,real issues,31,Becoming
3240,government handouts,31,Becoming
3241,we,31,Becoming
3242,We,31,Becoming
3243,other people’s use,31,Becoming
3244,drugs,31,Becoming
3245,alcohol,31,Becoming
3246,victims,31,Becoming
3247,We,31,Becoming
3248,this state,31,Becoming
3249,mind,31,Becoming
3250,our drive,31,Becoming
3251,work ethic,31,Becoming
3252,success,31,Becoming
3253,I,31,Becoming
3254,myself,31,Becoming
3255,the political spectrum,31,Becoming
3256,the hatefulness,31,Becoming
3257,the left,31,Becoming
3258,trump,31,Becoming
3259,office,31,Becoming
3260,I,31,Becoming
3261,the left mentality,31,Becoming
3262,Conservatives,31,Becoming
3263,the left,31,Becoming
3264,their true colors,31,Becoming
3265,the time,31,Becoming
3266,I,31,Becoming
3267,a kid,31,Becoming
3268,reasons,31,Becoming
3269,I,31,Becoming
3270,I,31,Becoming
3271,the pledge,31,Becoming
3272,allegiance,31,Becoming
3273,I,31,Becoming
3274,I,31,Becoming
3275,I,31,Becoming
3276,a huge patriot,31,Becoming
3277,I,31,Becoming
3278,this country,31,Becoming
3279,I,31,Becoming
3280,it,31,Becoming
3281,The fact,31,Becoming
3282,people,31,Becoming
3283,the nerve,31,Becoming
3284,our hardships,31,Becoming
3285,these suffering countries,31,Becoming
3286,me,31,Becoming
3287,The fact,31,Becoming
3288,people,31,Becoming
3289,it,31,Becoming
3290,an option,31,Becoming
3291,this great place,31,Becoming
3292,we,31,Becoming
3293,anything,31,Becoming
3294,we,31,Becoming
3295,Americans,31,Becoming
3296,I,31,Becoming
3297,a party,31,Becoming
3298,who,31,Becoming
3299,the men,31,Becoming
3300,women,31,Becoming
3301,who,31,Becoming
3302,us,31,Becoming
3303,our freedoms,31,Becoming
3304,God,31,Becoming
3305,America,31,Becoming
3306,everyone,31,Becoming
3307,it,31,Becoming
3308,I,32,Being
3309,this movement,32,Being
3310,it,32,Being
3311,less than 20k members,32,Being
3312,I,32,Being
3313,myself,32,Being
3314,I,32,Being
3315,a Navy vet,32,Being
3316,I,32,Being
3317,the Reagan years,32,Being
3318,the resent series,32,Being
3319,Military Actions,32,Being
3320,the Middle East,32,Being
3321,I,32,Being
3322,my adult life,32,Being
3323,"a ""Jeffersonian Liberal",32,Being
3324,I,32,Being
3325,study,32,Being
3326,History,32,Being
3327,a hobby,32,Being
3328,Historical table top games,32,Being
3329,miniature American Civil War,32,Being
3330,Napoleonic pewter figurines,32,Being
3331,a Jeffersonian Liberal,32,Being
3332,I,32,Being
3333,the Libertarian Party,32,Being
3334,I,32,Being
3335,the Person,32,Being
3336,not the Party,32,Being
3337,I,32,Being
3338,a Small Government,32,Being
3339,Fiscal Conservative,32,Being
3340,Social Liberal,32,Being
3341,I,32,Being
3342,"the typical ""Two Party"" mold",32,Being
3343,I,32,Being
3344,the lessons,32,Being
3345,History,32,Being
3346,me,32,Being
3347,I,32,Being
3348,you,32,Being
3349,a Species,32,Being
3350,we,32,Being
3351,this road,32,Being
3352,no Right Way,32,Being
3353,Communism,32,Being
3354,It,32,Being
3355,Human Nature,32,Being
3356,We,32,Being
3357,the consequences,32,Being
3358,our current reality,32,Being
3359,a Fantasy Utopia,32,Being
3360,I,32,Being
3361,the sidelines,32,Being
3362,History,32,Being
3363,I,32,Being
3364,Love,32,Being
3365,Civility,32,Being
3366,Compromise,32,Being
3367,I,33,Becoming
3368,a job site,33,Becoming
3369,I,33,Becoming
3370,I,33,Becoming
3371,I,33,Becoming
3372,I,33,Becoming
3373,the whole race,33,Becoming
3374,the White House,33,Becoming
3375,The supervisor,33,Becoming
3376,the job site,33,Becoming
3377,this Hispanic guy,33,Becoming
3378,me,33,Becoming
3379,I,33,Becoming
3380,Hillary Clinton,33,Becoming
3381,Trump,33,Becoming
3382,me,33,Becoming
3383,it,33,Becoming
3384,this world,33,Becoming
3385,I,33,Becoming
3386,the bad hair,33,Becoming
3387,No way,33,Becoming
3388,He,33,Becoming
3389,I,33,Becoming
3390,him,33,Becoming
3391,I,33,Becoming
3392,this a**hole,33,Becoming
3393,God,33,Becoming
3394,I,33,Becoming
3395,I,33,Becoming
3396,The media's dishonesty,33,Becoming
3397,Chuck Schumer,33,Becoming
3398,Trump,33,Becoming
3399,the intelligence community,33,Becoming
3400,the fake stories,33,Becoming
3401,anything,33,Becoming
3402,Trump,33,Becoming
3403,I,33,Becoming
3404,what,33,Becoming
3405,I,33,Becoming
3406,A literal Orwellian display,33,Becoming
3407,the deep state,33,Becoming
3408,my eyes,33,Becoming
3409,I,33,Becoming
3410,an Obama guy,33,Becoming
3411,My mom,33,Becoming
3412,I,33,Becoming
3413,I,33,Becoming
3414,my party,33,Becoming
3415,I,33,Becoming
3416,a proud Conservative,33,Becoming
3417,I,33,Becoming
3418,proof,33,Becoming
3419,Conservatives,33,Becoming
3420,I,33,Becoming
3421,biracial black/Asian heritage,33,Becoming
3422,My wife,33,Becoming
3423,who,33,Becoming
3424,I,33,Becoming
3425,everything,33,Becoming
3426,the dishonesty libs,33,Becoming
3427,I,33,Becoming
3428,my life,33,Becoming
3429,you,33,Becoming
3430,God,33,Becoming
3431,President Trump,33,Becoming
3432,America,33,Becoming
3433,My name,34,NA
3434,Billy,34,NA
3435,I,34,NA
3436,a gay drag queen,34,NA
3437,southern CA,34,NA
3438,I,34,NA
3439,I,34,NA
3440,drag superstars,34,NA
3441,hate,34,NA
3442,racism,34,NA
3443,stage,34,NA
3444,stage,34,NA
3445,the N word,34,NA
3446,Mexicans,34,NA
3447,I,34,NA
3448,the media,34,NA
3449,My own community,34,NA
3450,my black husband,34,NA
3451,They,34,NA
3452,me,34,NA
3453,They,34,NA
3454,I,35,Becoming
3455,Dem,35,Becoming
3456,I,35,Becoming
3457,a Union household,35,Becoming
3458,a Union member,35,Becoming
3459,I,35,Becoming
3460,my husband,35,Becoming
3461,I,35,Becoming
3462,good consciousness vote,35,Becoming
3463,her,35,Becoming
3464,He,35,Becoming
3465,me,35,Becoming
3466,whoever,35,Becoming
3467,you,35,Becoming
3468,I,35,Becoming
3469,her,35,Becoming
3470,we,35,Becoming
3471,the way,35,Becoming
3472,our husbands,35,Becoming
3473,us,35,Becoming
3474,I,35,Becoming
3475,a strong women,35,Becoming
3476,who,35,Becoming
3477,herself,35,Becoming
3478,No one,35,Becoming
3479,me,35,Becoming
3480,who,35,Becoming
3481,a former Dem,35,Becoming
3482,I,35,Becoming
3483,what,35,Becoming
3484,this party,35,Becoming
3485,Liars,35,Becoming
3486,thieves,35,Becoming
